,id,subreddit_name_prefixed,ups,downs,score,category,sentiment_score,sentiment_magnitude,created
0,d1obaxh,r/worldnews,4268,0,4268,News,0.0,0.1000000015,1459736024
1,d1oci56,r/worldnews,9785,0,9785,People & Society,0.1000000015,0.200000003,1459737921
2,d1obzcn,r/worldnews,2107,0,2107,News,0.6000000238000001,1.2999999522999999,1459737088
3,d1oc64x,r/worldnews,4517,0,4517,Arts & Entertainment,0.0,0.400000006,1459737388
4,d1ocwed,r/worldnews,1116,0,1116,Business & Industrial,0.0,2.2999999523,1459738551
5,d1oc3ev,r/worldnews,954,0,954,News,-0.200000003,2.2999999523,1459737268
6,d1oe76k,r/worldnews,626,0,626,News,-0.1000000015,8.5,1459740648
7,d1obyjq,r/worldnews,10304,0,10304,News,0.0,2.0,1459737053
8,d1obdg2,r/worldnews,12060,0,12060,News,0.0,12.5,1459736131
9,d1ocra0,r/worldnews,384,0,384,Reference,0.1000000015,0.30000001190000003,1459738322
10,d1ogwik,r/worldnews,376,0,376,News,-0.400000006,1.6000000238,1459744929
11,d1odjp3,r/worldnews,254,0,254,Arts & Entertainment,0.0,0.0,1459739594
12,d1od216,r/worldnews,584,0,584,Finance,-0.30000001190000003,1.2999999522999999,1459738801
13,d1oh7y1,r/worldnews,93,0,93,News,0.0,3.0999999046,1459745424
14,d1oc38q,r/worldnews,164,0,164,Finance,0.1000000015,2.0999999046,1459737261
15,d1obwjw,r/worldnews,1999,0,1999,News,-0.200000003,2.2999999523,1459736963
16,d1obr74,r/worldnews,567,0,567,People & Society,-0.200000003,1.8999999762000002,1459736725
17,d1od8c7,r/worldnews,185,0,185,News,-0.200000003,2.2000000477,1459739083
18,d1oeuzw,r/worldnews,38,0,38,Finance,0.400000006,2.5,1459741694
19,d1ofhsm,r/worldnews,71,0,71,News,0.1000000015,1.5,1459742686
20,d1oedn7,r/worldnews,37,0,37,Law & Government,0.0,1.3999999762,1459740929
21,d1ohju9,r/worldnews,37,0,37,Arts & Entertainment,0.0,1.7000000477000001,1459745947
22,d1omhdu,r/worldnews,36,0,36,Finance,0.1000000015,1.2999999522999999,1459753677
23,d1oogm6,r/worldnews,17,0,17,News,0.0,2.0,1459756754
24,d1ocjsb,r/worldnews,1351,0,1351,Arts & Entertainment,0.30000001190000003,0.30000001190000003,1459737990
25,d1obw5w,r/worldnews,741,0,741,News,0.200000003,0.6000000238000001,1459736944
26,d1ojmy4,r/worldnews,12,0,12,News,-0.400000006,4.3000001907,1459749244
27,d1or7zn,r/worldnews,11,0,11,News,-0.1000000015,0.200000003,1459760915
28,d1obrb1,r/worldnews,2502,0,2502,News,-0.5,1.0,1459736730
29,d1obro5,r/worldnews,140,0,140,Law & Government,-0.6999999881,0.6999999881,1459736746
30,d1og5be,r/worldnews,1425,0,1425,News,-0.6999999881,0.6999999881,1459743735
31,d1oetso,r/worldnews,251,0,251,Computers & Electronics,0.0,0.0,1459741642
32,d1okvrv,r/worldnews,14,0,14,Finance,0.0,0.1000000015,1459751158
33,d1oj0le,r/worldnews,12,0,12,Sports,0.1000000015,1.2000000477000001,1459748299
34,d1ocrp3,r/worldnews,2229,0,2229,Law & Government,-0.6000000238000001,0.6000000238000001,1459738340
35,d1oc65h,r/worldnews,2067,0,2067,Games,0.0,1.2000000477000001,1459737389
36,d1od97p,r/worldnews,1108,0,1108,Law & Government,0.0,3.7000000477,1459739122
37,d1oj8tp,r/worldnews,11,0,11,Arts & Entertainment,0.1000000015,1.1000000238,1459748647
38,d1oi7af,r/worldnews,112,0,112,Arts & Entertainment,0.0,0.30000001190000003,1459746991
39,d1oe972,r/worldnews,2462,0,2462,Finance,-0.30000001190000003,3.0999999046,1459740739
40,d1ogjkt,r/worldnews,16,0,16,News,-0.30000001190000003,0.6999999881,1459744379
41,d1oq51v,r/worldnews,16,0,16,News,-0.30000001190000003,4.5,1459759336
42,d1og24t,r/worldnews,49,0,49,Sports,0.0,2.0,1459743597
43,d1ohl9a,r/worldnews,787,0,787,News,0.0,0.200000003,1459746011
44,d1ohc5p,r/worldnews,16,0,16,News,0.0,1.0,1459745605
45,d1oo1dz,r/worldnews,18,0,18,People & Society,0.200000003,0.6000000238000001,1459756087
46,d1oclpn,r/worldnews,402,0,402,News,0.30000001190000003,0.6000000238000001,1459738072
47,d1odik3,r/worldnews,238,0,238,News,0.0,0.8000000119,1459739542
48,d1od13y,r/worldnews,2138,0,2138,News,-0.30000001190000003,0.8999999762,1459738760
49,d1olrhv,r/worldnews,347,0,347,News,-0.5,4.5,1459752534
50,d1odoqr,r/worldnews,565,0,565,Arts & Entertainment,0.6000000238000001,0.6000000238000001,1459739820
51,d1oelq5,r/worldnews,516,0,516,Arts & Entertainment,0.0,0.5,1459741284
52,d1oegfp,r/worldnews,69,0,69,Arts & Entertainment,0.0,1.6000000238,1459741053
53,d1osz42,r/worldnews,380,0,380,News,0.0,0.200000003,1459763449
54,d1ot3a1,r/worldnews,76,0,76,News,0.30000001190000003,0.6999999881,1459763609
55,d1oiadn,r/worldnews,152,0,152,Computers & Electronics,-0.5,1.0,1459747131
56,d1ohn3c,r/worldnews,593,0,593,News,-0.400000006,0.8000000119,1459746093
57,d1ogkd6,r/worldnews,46,0,46,Arts & Entertainment,0.1000000015,0.8999999762,1459744415
58,d1og1kk,r/worldnews,200,0,200,News,0.0,5.0,1459743573
59,d1odrfx,r/worldnews,745,0,745,Arts & Entertainment,0.0,0.400000006,1459739939
60,d1oeukm,r/worldnews,20,0,20,Finance,0.200000003,0.200000003,1459741676
61,d1obyfq,r/worldnews,4082,0,4082,Arts & Entertainment,0.0,4.5999999046,1459737048
62,d1og10e,r/worldnews,365,0,365,Sensitive Subjects,-0.400000006,0.400000006,1459743548
63,d1ofgal,r/worldnews,23,0,23,Games,-0.5,1.0,1459742620
64,d1ocbha,r/worldnews,360,0,360,News,0.0,0.5,1459737622
65,d1of43g,r/worldnews,13,0,13,Finance,0.0,3.7000000477,1459742093
66,d1od9r3,r/worldnews,276,0,276,Sensitive Subjects,-0.30000001190000003,0.8999999762,1459739146
67,d1odu0r,r/worldnews,499,0,499,Business & Industrial,0.0,0.200000003,1459740056
68,d1oem5f,r/worldnews,3073,0,3073,Law & Government,0.200000003,0.8000000119,1459741303
69,d1of14u,r/worldnews,437,0,437,Business & Industrial,0.0,2.7000000477,1459741964
70,d1of7j6,r/worldnews,11,0,11,Finance,-0.400000006,1.3999999762,1459742240
71,d1ocg3k,r/worldnews,226,0,226,Arts & Entertainment,0.0,1.1000000238,1459737830
72,d1ocozu,r/worldnews,226,0,226,News,0.1000000015,0.5,1459738219
73,d1ocw4h,r/worldnews,430,0,430,Arts & Entertainment,0.0,0.5,1459738538
74,d1oe366,r/worldnews,13,0,13,Sensitive Subjects,0.0,0.0,1459740472
75,d1oejlg,r/worldnews,18,0,18,News,0.30000001190000003,0.30000001190000003,1459741190
76,d1odkk6,r/worldnews,6143,0,6143,Arts & Entertainment,0.0,2.9000000954000003,1459739634
77,d1ocyrj,r/worldnews,167,0,167,Law & Government,-0.400000006,0.8999999762,1459738656
78,d1oexqa,r/worldnews,394,0,394,Finance,-0.1000000015,0.200000003,1459741817
79,d1ojbwc,r/worldnews,19,0,19,Sensitive Subjects,-0.6000000238000001,0.6000000238000001,1459748775
80,d1ogfwq,r/worldnews,22,0,22,Arts & Entertainment,0.0,0.0,1459744213
81,d1ojzm0,r/worldnews,134,0,134,News,-0.1000000015,2.9000000954000003,1459749784
82,d1okq9m,r/worldnews,12,0,12,Shopping,-0.200000003,0.5,1459750922
83,d1osfig,r/worldnews,13,0,13,Reference,-0.200000003,1.0,1459762630
84,d1ogylq,r/worldnews,2261,0,2261,Arts & Entertainment,-0.1000000015,0.8999999762,1459745019
85,d1ogkmh,r/worldnews,596,0,596,Business & Industrial,0.1000000015,0.8000000119,1459744427
86,d1odijr,r/worldnews,855,0,855,Finance,0.0,1.2999999522999999,1459739541
87,d1oed8u,r/worldnews,66,0,66,Arts & Entertainment,0.0,0.400000006,1459740913
88,d1omkwr,r/worldnews,37,0,37,News,0.1000000015,0.400000006,1459753826
89,d1okckd,r/worldnews,226,0,226,News,-0.30000001190000003,1.8999999762000002,1459750344
90,d1oe55f,r/worldnews,566,0,566,Arts & Entertainment,-0.30000001190000003,0.8999999762,1459740559
91,d1ocvoj,r/worldnews,1340,0,1340,Games,-0.400000006,0.8999999762,1459738518
92,d1odhat,r/worldnews,345,0,345,News,-0.6999999881,0.6999999881,1459739482
93,d1oil1r,r/worldnews,18,0,18,Finance,-0.400000006,0.8000000119,1459747607
94,d1ogf05,r/worldnews,35,0,35,Arts & Entertainment,-0.1000000015,0.30000001190000003,1459744171
95,d1ofgai,r/worldnews,347,0,347,Law & Government,0.0,3.2999999523,1459742620
96,d1odxsk,r/worldnews,62,0,62,Business & Industrial,0.0,0.6000000238000001,1459740228
97,d1oe13i,r/worldnews,643,0,643,News,0.0,0.6999999881,1459740380
98,d1oi3f8,r/worldnews,15,0,15,Finance,0.0,0.1000000015,1459746818
99,d1oe5nc,r/worldnews,14,0,14,News,0.0,2.0,1459740581
100,d1oetkz,r/worldnews,37,0,37,Arts & Entertainment,0.1000000015,0.5,1459741631
101,d1odvu1,r/worldnews,115,0,115,People & Society,-0.5,1.6000000238,1459740137
102,d1ofc81,r/worldnews,13,0,13,News,-0.1000000015,0.30000001190000003,1459742442
103,d1offs0,r/worldnews,275,0,275,People & Society,-0.200000003,1.8999999762000002,1459742597
104,d1og9ns,r/worldnews,252,0,252,Law & Government,-0.30000001190000003,1.2000000477000001,1459743929
105,d1odvde,r/worldnews,45,0,45,Law & Government,-0.6000000238000001,1.2999999522999999,1459740116
106,d1ohc22,r/worldnews,497,0,497,News,0.0,0.5,1459745601
107,d1ohmfx,r/worldnews,40,0,40,Arts & Entertainment,-0.30000001190000003,0.8999999762,1459746064
108,d1oxspv,r/worldnews,16,0,16,Business & Industrial,-0.200000003,0.400000006,1459770090
109,d1od4ny,r/worldnews,40,0,40,Arts & Entertainment,-0.1000000015,1.1000000238,1459738921
110,d1ocx1o,r/worldnews,544,0,544,Finance,-0.30000001190000003,0.6000000238000001,1459738579
111,d1p5yj8,r/worldnews,10,0,10,Arts & Entertainment,0.0,0.6999999881,1459793205
112,d1onqmh,r/worldnews,21,0,21,Arts & Entertainment,-0.30000001190000003,1.2000000477000001,1459755604
113,d1oejdk,r/worldnews,547,0,547,Arts & Entertainment,-0.200000003,1.0,1459741181
114,d1ofxxk,r/worldnews,78,0,78,Arts & Entertainment,-0.5,1.1000000238,1459743413
115,d1om4ve,r/worldnews,12,0,12,Law & Government,-0.6000000238000001,1.2999999522999999,1459753126
116,d1opbfg,r/worldnews,10,0,10,News,-0.1000000015,0.8999999762,1459758071
117,d1odl8g,r/worldnews,559,0,559,Shopping,-0.400000006,1.3999999762,1459739664
118,d1ojtr1,r/worldnews,17,0,17,News,0.0,0.0,1459749533
119,d1odq4m,r/worldnews,614,0,614,News,0.0,1.1000000238,1459739882
120,d1ojbre,r/worldnews,44,0,44,Arts & Entertainment,-0.6999999881,0.6999999881,1459748770
121,d1ofh46,r/worldnews,436,0,436,News,0.200000003,0.400000006,1459742657
122,d1ofgcl,r/worldnews,9,0,9,News,0.0,0.1000000015,1459742623
123,d1ofasj,r/worldnews,28,0,28,Law & Government,-0.1000000015,1.1000000238,1459742381
124,d1oj2pc,r/worldnews,142,0,142,Hobbies & Leisure,0.0,0.0,1459748390
125,d1og21j,r/worldnews,60,0,60,Business & Industrial,-0.30000001190000003,0.8000000119,1459743593
126,d1onyhq,r/worldnews,11,0,11,News,0.30000001190000003,0.30000001190000003,1459755958
127,d1ok7n6,r/worldnews,16,0,16,News,0.1000000015,0.1000000015,1459750126
128,d1om2uw,r/worldnews,81,0,81,Business & Industrial,-0.400000006,0.400000006,1459753037
129,d1oks08,r/worldnews,84,0,84,Food & Drink,0.0,2.2000000477,1459750996
130,d1oieee,r/worldnews,479,0,479,Law & Government,-0.400000006,0.400000006,1459747310
131,d1onjp0,r/worldnews,15,0,15,Arts & Entertainment,0.0,1.0,1459755302
132,d1ol615,r/worldnews,40,0,40,News,-0.200000003,0.6999999881,1459751616
133,d1opalg,r/worldnews,11,0,11,Arts & Entertainment,-0.6999999881,0.6999999881,1459758036
134,d1ofoc7,r/worldnews,12,0,12,Science,0.0,0.5,1459742980
135,d1oibul,r/worldnews,116,0,116,Arts & Entertainment,0.8999999762,1.7999999522999999,1459747197
136,d1oevxn,r/worldnews,247,0,247,Arts & Entertainment,0.200000003,0.5,1459741735
137,d1ok453,r/worldnews,40,0,40,Health,0.0,0.0,1459749974
138,d1omhbj,r/worldnews,33,0,33,Internet & Telecom,-0.400000006,0.400000006,1459753674
139,d1on3ya,r/worldnews,103,0,103,Law & Government,-0.30000001190000003,0.6999999881,1459754662
140,d1ot81x,r/worldnews,31,0,31,People & Society,0.400000006,1.0,1459763796
141,d1odg8e,r/worldnews,413,0,413,Finance,-0.200000003,0.400000006,1459739434
142,d1odjoe,r/worldnews,102,0,102,Finance,-0.30000001190000003,1.0,1459739593
143,d1odjs4,r/worldnews,174,0,174,Finance,0.0,1.1000000238,1459739598
144,d1ode6x,r/worldnews,236,0,236,Finance,0.0,0.200000003,1459739344
145,d1odjsn,r/worldnews,12,0,12,Finance,-0.6000000238000001,2.0,1459739599
146,d1oe5tr,r/worldnews,11,0,11,Law & Government,0.0,2.2000000477,1459740588
147,d1oiik4,r/worldnews,154,0,154,Travel,-0.1000000015,0.400000006,1459747495
148,d1oisg6,r/worldnews,57,0,57,News,-0.200000003,1.2000000477000001,1459747942
149,d1ojzno,r/worldnews,19,0,19,Arts & Entertainment,0.0,0.30000001190000003,1459749786
150,d1omu1i,r/worldnews,16,0,16,Arts & Entertainment,0.0,1.2000000477000001,1459754219
151,d1orfg0,r/worldnews,112,0,112,Arts & Entertainment,-0.200000003,0.5,1459761229
152,d1oe607,r/worldnews,51,0,51,Finance,0.0,1.2000000477000001,1459740596
153,d1oj21z,r/worldnews,46,0,46,News,-0.5,0.5,1459748363
154,d1oqvob,r/worldnews,13,0,13,Arts & Entertainment,-0.400000006,0.400000006,1459760423
155,d1okqw3,r/worldnews,13,0,13,Arts & Entertainment,0.0,0.0,1459750949
156,d1onrmr,r/worldnews,13,0,13,Arts & Entertainment,0.400000006,1.1000000238,1459755650
157,dq74ayl,r/worldnews,12249,0,12249,Food & Drink,-0.400000006,3.2999999523,1511400190
158,dq76k6s,r/worldnews,2154,0,2154,Arts & Entertainment,0.0,3.7999999523,1511402524
159,dq78oz9,r/worldnews,597,0,597,Internet & Telecom,-0.200000003,23.1000003815,1511404762
160,dq7780g,r/worldnews,529,0,529,Sensitive Subjects,-0.400000006,2.9000000954000003,1511403216
161,dq7621v,r/worldnews,863,0,863,Arts & Entertainment,0.0,2.7999999523,1511402003
162,dq75apb,r/worldnews,1298,0,1298,News,0.200000003,0.200000003,1511401224
163,dq73kq4,r/worldnews,471,0,471,Business & Industrial,0.30000001190000003,0.6999999881,1511399436
164,dq77b38,r/worldnews,235,0,235,People & Society,0.0,1.8999999762000002,1511403304
165,dq76xzk,r/worldnews,114,0,114,Internet & Telecom,-0.400000006,3.4000000954000003,1511402925
166,dq7bf1q,r/worldnews,23,0,23,Computers & Electronics,-0.200000003,6.0,1511407673
167,dq76qxb,r/worldnews,49,0,49,Arts & Entertainment,0.0,3.7999999523,1511402720
168,dq7b8ud,r/worldnews,30,0,30,Sensitive Subjects,0.0,1.7000000477000001,1511407489
169,dq73jp3,r/worldnews,61,0,61,Business & Industrial,-0.30000001190000003,1.2000000477000001,1511399407
170,dq777oz,r/worldnews,10,0,10,Internet & Telecom,-0.6000000238000001,1.2000000477000001,1511403207
171,dq77hwp,r/worldnews,54,0,54,People & Society,-0.400000006,5.5999999046,1511403501
172,dq7b6hl,r/worldnews,13,0,13,Sensitive Subjects,0.0,0.0,1511407419
173,dq7fqf1,r/worldnews,6,0,6,Arts & Entertainment,-0.1000000015,1.3999999762,1511412386
174,dq71mam,r/worldnews,174,0,174,People & Society,-0.30000001190000003,1.3999999762,1511397432
175,dq7ah3m,r/worldnews,4,0,4,News,-0.5,3.0,1511406663
176,dq76ce4,r/worldnews,9,0,9,Internet & Telecom,-0.400000006,3.2999999523,1511402300
177,dq78ltc,r/worldnews,4,0,4,Law & Government,0.1000000015,2.5999999045999997,1511404670
178,dq7mt50,r/worldnews,4,0,4,News,-0.5,1.1000000238,1511420470
179,dq7n7dp,r/worldnews,4,0,4,News,0.0,0.1000000015,1511420972
180,dq7nj1j,r/worldnews,4,0,4,Arts & Entertainment,0.0,5.1999998093,1511421385
181,dq79rv6,r/worldnews,9,0,9,Arts & Entertainment,-0.30000001190000003,1.2000000477000001,1511405906
182,dq724na,r/worldnews,4191,0,4191,Law & Government,-0.8000000119,1.6000000238,1511397954
183,dq76onr,r/worldnews,22,0,22,Law & Government,-0.400000006,0.400000006,1511402655
184,dq741t8,r/worldnews,322,0,322,Law & Government,-0.200000003,8.3999996185,1511399928
185,dq777br,r/worldnews,123,0,123,Law & Government,0.0,2.7000000477,1511403196
186,dq72ern,r/worldnews,27,0,27,News,-0.200000003,2.2000000477,1511398241
187,dq779kf,r/worldnews,38,0,38,News,-0.30000001190000003,4.0,1511403262
188,dq79818,r/worldnews,49,0,49,News,0.1000000015,1.6000000238,1511405325
189,dq76wuk,r/worldnews,9,0,9,News,-0.30000001190000003,1.7000000477000001,1511402890
190,dq77pgq,r/worldnews,5905,0,5905,Business & Industrial,0.0,1.3999999762,1511403718
191,dq784o0,r/worldnews,1786,0,1786,Sensitive Subjects,0.0,3.7000000477,1511404163
192,dq78ui8,r/worldnews,403,0,403,News,0.0,1.5,1511404925
193,dq78614,r/worldnews,223,0,223,News,-0.1000000015,0.8000000119,1511404202
194,dq79g8o,r/worldnews,9,0,9,Law & Government,0.0,4.0,1511405568
195,dq7aynv,r/worldnews,101,0,101,Arts & Entertainment,-0.5,1.0,1511407186
196,dq7b580,r/worldnews,176,0,176,Law & Government,-0.200000003,2.5999999045999997,1511407381
197,dq7elnu,r/worldnews,27,0,27,Arts & Entertainment,-0.6000000238000001,0.6000000238000001,1511411162
198,dq7b70p,r/worldnews,6,0,6,Arts & Entertainment,-0.1000000015,5.1999998093,1511407434
199,dq77lkh,r/worldnews,8,0,8,Arts & Entertainment,0.8000000119,1.6000000238,1511403605
200,dq79gg7,r/worldnews,5,0,5,Law & Government,0.0,4.0,1511405574
201,dq77osm,r/worldnews,86,0,86,News,0.1000000015,0.5,1511403699
202,dq78bbe,r/worldnews,37,0,37,News,-0.6000000238000001,1.8999999762000002,1511404358
203,dq78v1r,r/worldnews,34,0,34,Reference,-0.6000000238000001,8.6000003815,1511404942
204,dq7l6k5,r/worldnews,3,0,3,News,0.1000000015,0.400000006,1511418480
205,dq77ull,r/worldnews,227,0,227,Science,-0.6000000238000001,0.6000000238000001,1511403869
206,dq79mhz,r/worldnews,32,0,32,Internet & Telecom,-0.400000006,0.8000000119,1511405746
207,dq7f5xp,r/worldnews,7,0,7,Internet & Telecom,0.0,0.8000000119,1511411772
208,dq7o45e,r/worldnews,5,0,5,News,0.0,0.8000000119,1511422141
209,dq7aue0,r/worldnews,6,0,6,Internet & Telecom,-0.30000001190000003,4.0999999046,1511407060
210,dq77j7c,r/worldnews,5,0,5,Business & Industrial,0.0,0.1000000015,1511403537
211,dq77o84,r/worldnews,7,0,7,Law & Government,0.0,0.5,1511403682
212,dq79zy3,r/worldnews,5,0,5,Law & Government,-0.400000006,1.5,1511406148
213,dq7f1do,r/worldnews,3,0,3,Internet & Telecom,0.0,1.7000000477000001,1511411636
214,dq79ltq,r/worldnews,13,0,13,News,-0.8000000119,0.8000000119,1511405727
215,dq76xdv,r/worldnews,6,0,6,People & Society,0.0,1.3999999762,1511402906
216,dq77cee,r/worldnews,8,0,8,People & Society,-0.1000000015,0.6999999881,1511403342
217,dq77ip8,r/worldnews,5,0,5,People & Society,-0.6000000238000001,1.7999999522999999,1511403523
218,dq76hqx,r/worldnews,65,0,65,People & Society,-0.1000000015,2.4000000954000003,1511402453
219,dq7892r,r/worldnews,10,0,10,News,-0.400000006,8.1000003815,1511404292
220,dq70psp,r/worldnews,133,0,133,Arts & Entertainment,-0.1000000015,0.200000003,1511396488
221,dq782nu,r/worldnews,39,0,39,News,-0.30000001190000003,0.6000000238000001,1511404104
222,dq77w8v,r/worldnews,26,0,26,Books & Literature,-0.1000000015,1.2999999522999999,1511403917
223,dq78vif,r/worldnews,96,0,96,Online Communities,-0.200000003,0.6999999881,1511404956
224,dq78acc,r/worldnews,386,0,386,Arts & Entertainment,-0.400000006,0.8000000119,1511404329
225,dq782mq,r/worldnews,86,0,86,Internet & Telecom,0.0,0.1000000015,1511404103
226,dq79dy8,r/worldnews,321,0,321,Law & Government,0.0,4.0,1511405501
227,dq7955q,r/worldnews,351,0,351,Arts & Entertainment,0.0,0.0,1511405241
228,dq77ya2,r/worldnews,65,0,65,Books & Literature,0.0,0.200000003,1511403977
229,dq79p4l,r/worldnews,347,0,347,People & Society,-0.200000003,0.8000000119,1511405824
230,dq7eze6,r/worldnews,99,0,99,Law & Government,0.0,0.1000000015,1511411576
231,dq7fvji,r/worldnews,16,0,16,Arts & Entertainment,0.0,0.8000000119,1511412545
232,dq7f8ju,r/worldnews,42,0,42,Arts & Entertainment,-0.8999999762,1.7999999522999999,1511411850
233,dq7efdo,r/worldnews,6,0,6,Business & Industrial,-0.400000006,2.7999999523,1511410971
234,dq77eqd,r/worldnews,311,0,311,News,-0.1000000015,0.200000003,1511403408
235,dq7b4xl,r/worldnews,19,0,19,News,-0.6999999881,1.3999999762,1511407373
236,dq7d4rh,r/worldnews,5,0,5,Arts & Entertainment,0.30000001190000003,0.6000000238000001,1511409540
237,dq7bgcy,r/worldnews,3,0,3,Internet & Telecom,0.0,0.1000000015,1511407713
238,dq7byy5,r/worldnews,35,0,35,Internet & Telecom,-0.6000000238000001,1.2000000477000001,1511408276
239,dq792pl,r/worldnews,5,0,5,Arts & Entertainment,-0.200000003,1.0,1511405168
240,dq76gbf,r/worldnews,103,0,103,Books & Literature,-0.1000000015,0.5,1511402412
241,dq76xy6,r/worldnews,135,0,135,Law & Government,-0.5,0.5,1511402924
242,dq779fg,r/worldnews,30,0,30,Arts & Entertainment,0.30000001190000003,0.6999999881,1511403258
243,dq79wiq,r/worldnews,4,0,4,News,-0.5,1.0,1511406047
244,dq73x8c,r/worldnews,68,0,68,People & Society,-0.6999999881,0.6999999881,1511399798
245,dq755h4,r/worldnews,41,0,41,News,0.1000000015,0.6000000238000001,1511401074
246,dq7537p,r/worldnews,47,0,47,News,-0.6000000238000001,2.7000000477,1511401009
247,dq76tl7,r/worldnews,3,0,3,News,-0.8999999762,0.8999999762,1511402796
248,dq74ftz,r/worldnews,306,0,306,Law & Government,-0.400000006,5.5999999046,1511400332
249,dq7f2t8,r/worldnews,11,0,11,Business & Industrial,-0.400000006,1.0,1511411684
250,dq71i9d,r/worldnews,45,0,45,Jobs & Education,-0.1000000015,1.2000000477000001,1511397314
251,dq7aaxq,r/worldnews,16,0,16,News,-0.200000003,0.400000006,1511406479
252,dq7es8m,r/worldnews,85,0,85,Online Communities,-0.1000000015,4.8000001907000005,1511411359
253,dq78o4s,r/worldnews,260,0,260,Internet & Telecom,-0.30000001190000003,0.30000001190000003,1511404738
254,dq7azsm,r/worldnews,878,0,878,Internet & Telecom,-0.400000006,3.5999999045999997,1511407219
255,dq7alhb,r/worldnews,56,0,56,Business & Industrial,0.0,0.5,1511406793
256,dq7c7xp,r/worldnews,3,0,3,Business & Industrial,-0.30000001190000003,0.8999999762,1511408553
257,dq7brxb,r/worldnews,216,0,216,News,-0.1000000015,0.8999999762,1511408060
258,dq7bfy0,r/worldnews,20,0,20,News,-0.1000000015,0.1000000015,1511407700
259,dq791eg,r/worldnews,7,0,7,Finance,-0.200000003,0.8000000119,1511405130
260,dq7l0qy,r/worldnews,5,0,5,Arts & Entertainment,0.1000000015,0.1000000015,1511418281
261,dq7am4o,r/worldnews,58,0,58,Business & Industrial,-0.400000006,1.2000000477000001,1511406812
262,dq7g2xp,r/worldnews,11,0,11,News,0.1000000015,0.6999999881,1511412765
263,dq7f9p4,r/worldnews,3,0,3,Arts & Entertainment,0.0,0.0,1511411885
264,dq7f0lw,r/worldnews,3,0,3,Computers & Electronics,-0.30000001190000003,0.30000001190000003,1511411614
265,dq778b5,r/worldnews,65,0,65,Business & Industrial,-0.400000006,0.8999999762,1511403226
266,dq74mzd,r/worldnews,28,0,28,Internet & Telecom,-0.5,1.8999999762000002,1511400538
267,dq77z8o,r/worldnews,25,0,25,News,-0.6999999881,2.0999999046,1511404007
268,dq76qei,r/worldnews,38,0,38,News,-0.30000001190000003,0.6999999881,1511402704
269,dq74b8d,r/worldnews,317,0,317,Arts & Entertainment,0.0,1.6000000238,1511400198
270,dq7dg6g,r/worldnews,6,0,6,News,-0.30000001190000003,0.6000000238000001,1511409891
271,dq79ulr,r/worldnews,5,0,5,News,0.0,0.0,1511405988
272,dq7kuuk,r/worldnews,5,0,5,Shopping,-0.400000006,0.8000000119,1511418079
273,dq77di6,r/worldnews,40,0,40,Arts & Entertainment,0.200000003,0.200000003,1511403373
274,dq78b0g,r/worldnews,42,0,42,Arts & Entertainment,0.0,0.6000000238000001,1511404349
275,dq79jij,r/worldnews,7,0,7,News,-0.400000006,0.8999999762,1511405664
276,dq7gwr3,r/worldnews,7,0,7,Internet & Telecom,-0.30000001190000003,4.3000001907,1511413673
277,dq7bdlo,r/worldnews,38,0,38,Internet & Telecom,-0.200000003,0.8000000119,1511407631
278,dq7gndu,r/worldnews,4,0,4,News,-0.1000000015,4.9000000954,1511413384
279,dq7gu4p,r/worldnews,4,0,4,Finance,-0.5,0.5,1511413592
280,dq7eqrd,r/worldnews,147,0,147,Arts & Entertainment,-0.5,1.6000000238,1511411314
281,dq7d6lb,r/worldnews,74,0,74,News,-0.6000000238000001,1.2999999522999999,1511409595
282,dq7gfq3,r/worldnews,14,0,14,News,0.0,0.6999999881,1511413148
283,dq78zc0,r/worldnews,8,0,8,Arts & Entertainment,-0.400000006,1.8999999762000002,1511405069
284,dq7a519,r/worldnews,4,0,4,Law & Government,-0.6000000238000001,1.2000000477000001,1511406302
285,dq7dmwu,r/worldnews,21,0,21,News,-0.30000001190000003,3.0,1511410101
286,dq78194,r/worldnews,8,0,8,Arts & Entertainment,-0.30000001190000003,0.6000000238000001,1511404065
287,dq78l4k,r/worldnews,50,0,50,Law & Government,-0.1000000015,0.30000001190000003,1511404650
288,dq75u0o,r/worldnews,31,0,31,Law & Government,0.0,0.0,1511401771
289,dq772rl,r/worldnews,21,0,21,Adult,-0.400000006,0.8999999762,1511403064
290,dq7715f,r/worldnews,16,0,16,Adult,0.0,0.0,1511403017
291,dq7rqwi,r/worldnews,5,0,5,News,-0.200000003,2.5999999045999997,1511426833
292,dq76fwa,r/worldnews,229,0,229,News,-0.8999999762,0.8999999762,1511402400
293,dq7a1is,r/worldnews,5,0,5,News,-0.400000006,1.0,1511406196
294,dq770js,r/worldnews,20,0,20,News,-0.200000003,0.6000000238000001,1511403000
295,dq78lrl,r/worldnews,5,0,5,News,-0.8000000119,1.7000000477000001,1511404669
296,dq7orly,r/worldnews,6,0,6,Law & Government,0.0,0.200000003,1511422987
297,dq7jh0w,r/worldnews,62,0,62,Business & Industrial,-0.1000000015,0.30000001190000003,1511416476
298,dq7i8zw,r/worldnews,23,0,23,News,-0.200000003,3.4000000954000003,1511415127
299,dq7hnjz,r/worldnews,10,0,10,News,-0.400000006,0.8000000119,1511414488
300,dq7ep25,r/worldnews,77,0,77,Law & Government,-0.400000006,1.2999999522999999,1511411262
301,dq7dmok,r/worldnews,136,0,136,News,-0.30000001190000003,0.8000000119,1511410094
302,dq7fuq7,r/worldnews,9,0,9,News,0.0,1.5,1511412520
303,dq7hbek,r/worldnews,7,0,7,Arts & Entertainment,0.30000001190000003,1.0,1511414113
304,dq7gpzr,r/worldnews,7,0,7,News,0.200000003,0.8000000119,1511413463
305,dq7ifb7,r/worldnews,13,0,13,News,-0.200000003,1.2000000477000001,1511415319
306,dq7l1ce,r/worldnews,6,0,6,News,-0.200000003,3.4000000954000003,1511418301
307,dq75ec2,r/worldnews,6,0,6,People & Society,0.200000003,0.6999999881,1511401326
308,dq77edg,r/worldnews,75,0,75,Shopping,0.30000001190000003,1.0,1511403398
309,dq771lw,r/worldnews,238,0,238,Law & Government,-0.200000003,2.5,1511403030
310,dq776m5,r/worldnews,17,0,17,Arts & Entertainment,-0.30000001190000003,1.0,1511403176
311,dq79d5p,r/worldnews,5,0,5,News,-0.1000000015,1.1000000238,1511405476
312,dq7adga,r/worldnews,4,0,4,News,-0.30000001190000003,0.8999999762,1511406555
313,dq79p6z,r/worldnews,7,0,7,Business & Industrial,0.6000000238000001,1.2000000477000001,1511405826
314,dq78686,r/worldnews,6,0,6,Adult,-0.6000000238000001,1.7999999522999999,1511404207
315,dq7c2s8,r/worldnews,5,0,5,Arts & Entertainment,0.0,0.6999999881,1511408396
316,dq7bmry,r/worldnews,16,0,16,Sensitive Subjects,-0.200000003,1.2000000477000001,1511407904
317,dq7caau,r/worldnews,48,0,48,News,-0.30000001190000003,0.8999999762,1511408624
318,dq7ktvo,r/worldnews,80,0,80,Food & Drink,0.0,0.0,1511418046
319,dq7iaet,r/worldnews,43,0,43,Computers & Electronics,0.0,0.5,1511415169
320,dq7eflo,r/worldnews,10,0,10,News,0.0,0.200000003,1511410978
321,dq7jwqz,r/worldnews,16,0,16,Internet & Telecom,0.0,0.5,1511416963
322,dq7lnr9,r/worldnews,13,0,13,Sensitive Subjects,-0.1000000015,0.6000000238000001,1511419061
323,dq7ky95,r/worldnews,6,0,6,News,-0.1000000015,1.7999999522999999,1511418197
324,dq7ks78,r/worldnews,10,0,10,News,0.0,0.8999999762,1511417991
325,dq7pjg6,r/worldnews,3,0,3,News,0.1000000015,1.7999999522999999,1511423989
326,dq7b0oa,r/worldnews,8,0,8,Law & Government,0.0,0.6000000238000001,1511407246
327,dq7b6s8,r/worldnews,6,0,6,Law & Government,-0.1000000015,1.3999999762,1511407427
328,dq7ae0g,r/worldnews,4,0,4,Business & Industrial,-0.200000003,1.7000000477000001,1511406571
329,dq7a75h,r/worldnews,4,0,4,News,-0.30000001190000003,2.0,1511406366
330,dq7he8f,r/worldnews,157,0,157,Arts & Entertainment,0.0,0.6000000238000001,1511414199
331,dq7nnjj,r/worldnews,3,0,3,Business & Industrial,-0.6000000238000001,0.6000000238000001,1511421548
332,dq7fh7m,r/worldnews,7,0,7,News,0.1000000015,1.2000000477000001,1511412109
333,dq7fnv8,r/worldnews,21,0,21,News,-0.400000006,1.3999999762,1511412310
334,dq7n5xa,r/worldnews,16,0,16,News,0.0,0.200000003,1511420920
335,dq7pmjz,r/worldnews,5,0,5,News,-0.30000001190000003,0.6999999881,1511424101
336,dq74xuq,r/worldnews,37,0,37,News,0.1000000015,0.6999999881,1511400854
337,dq7acwh,r/worldnews,26,0,26,Business & Industrial,-0.200000003,1.7000000477000001,1511406538
338,dq7ddzu,r/worldnews,12,0,12,News,-0.30000001190000003,8.5,1511409822
339,dq7ex5v,r/worldnews,122,0,122,Finance,0.200000003,1.1000000238,1511411511
340,dq7fpyt,r/worldnews,9,0,9,Autos & Vehicles,-0.5,1.5,1511412373
341,dq7kejm,r/worldnews,6,0,6,Business & Industrial,0.0,0.1000000015,1511417540
342,dqt9lsq,r/worldnews,14474,0,14474,Sports,0.1000000015,0.8000000119,1512528566
343,dqt9a02,r/worldnews,15299,0,15299,Sensitive Subjects,0.0,2.2000000477,1512528253
344,dqtcbfq,r/worldnews,2428,0,2428,Games,0.0,1.5,1512531155
345,dqtberu,r/worldnews,536,0,536,Sports,-0.400000006,1.5,1512530287
346,dqtf49y,r/worldnews,651,0,651,Sensitive Subjects,-0.8000000119,0.8000000119,1512533836
347,dqtb47g,r/worldnews,2752,0,2752,News,0.1000000015,0.400000006,1512530008
348,dqtf1rm,r/worldnews,412,0,412,News,0.200000003,0.5,1512533769
349,dqtds3i,r/worldnews,35,0,35,Arts & Entertainment,-0.30000001190000003,0.8999999762,1512532556
350,dqtdjx6,r/worldnews,165,0,165,Sports,-0.1000000015,2.0999999046,1512532338
351,dqt9rmt,r/worldnews,368,0,368,Arts & Entertainment,0.6000000238000001,1.2999999522999999,1512528720
352,dqtfmwl,r/worldnews,9,0,9,Sports,0.1000000015,1.3999999762,1512534325
353,dqte19j,r/worldnews,610,0,610,News,-0.200000003,0.6999999881,1512532797
354,dqti1wj,r/worldnews,29,0,29,Health,0.1000000015,2.2999999523,1512536554
355,dqt9b9d,r/worldnews,91,0,91,Health,-0.5,2.2999999523,1512528285
356,dqta6yk,r/worldnews,850,0,850,Sports,0.0,1.5,1512529125
357,dqta77x,r/worldnews,105,0,105,Sports,-0.30000001190000003,0.6000000238000001,1512529132
358,dqteuzu,r/worldnews,868,0,868,Sports,-0.1000000015,2.7000000477,1512533589
359,dqt9uqc,r/worldnews,5727,0,5727,Arts & Entertainment,0.400000006,0.8999999762,1512528802
360,dqte2jv,r/worldnews,676,0,676,Games,0.0,1.7999999522999999,1512532831
361,dqtyxzn,r/worldnews,6,0,6,Arts & Entertainment,-0.200000003,0.400000006,1512554545
362,dqtfrwk,r/worldnews,198,0,198,Sports,-0.400000006,1.2999999522999999,1512534456
363,dqtcyy0,r/worldnews,265,0,265,People & Society,0.0,2.0,1512531783
364,dqtmksl,r/worldnews,12,0,12,Sports,-0.200000003,0.6000000238000001,1512540783
365,dqtfzbm,r/worldnews,17,0,17,People & Society,-0.400000006,1.6000000238,1512534650
366,dqtaunj,r/worldnews,8503,0,8503,Sports,0.0,1.6000000238,1512529754
367,dqtbkd1,r/worldnews,183,0,183,Sports,-0.1000000015,0.30000001190000003,1512530436
368,dqta9ro,r/worldnews,500,0,500,Sports,0.30000001190000003,0.6000000238000001,1512529199
369,dqtcbei,r/worldnews,335,0,335,Sports,0.0,0.5,1512531154
370,dqtc2o6,r/worldnews,34,0,34,Sports,0.1000000015,0.400000006,1512530923
371,dqtadre,r/worldnews,94,0,94,Sports,0.1000000015,0.400000006,1512529305
372,dqtbojt,r/worldnews,13,0,13,Sports,0.5,1.7999999522999999,1512530547
373,dqteesw,r/worldnews,123,0,123,Arts & Entertainment,0.200000003,0.200000003,1512533160
374,dqtf48h,r/worldnews,273,0,273,Sports,0.0,6.1999998093,1512533835
375,dqtd4h7,r/worldnews,28,0,28,Sensitive Subjects,-0.5,1.0,1512531928
376,dqtdgep,r/worldnews,735,0,735,Arts & Entertainment,0.1000000015,0.6999999881,1512532244
377,dqtazl4,r/worldnews,358,0,358,Arts & Entertainment,0.400000006,0.8999999762,1512529886
378,dqtfaki,r/worldnews,9,0,9,Arts & Entertainment,-0.200000003,1.5,1512534005
379,dqtfvl3,r/worldnews,6,0,6,Arts & Entertainment,-0.6000000238000001,2.0,1512534553
380,dqtdclt,r/worldnews,286,0,286,Law & Government,-0.1000000015,0.8000000119,1512532144
381,dqtccy1,r/worldnews,125,0,125,Arts & Entertainment,-0.200000003,1.0,1512531196
382,dqtbesx,r/worldnews,864,0,864,Arts & Entertainment,0.0,1.1000000238,1512530288
383,dqtgu1l,r/worldnews,136,0,136,Sports,-0.30000001190000003,0.8999999762,1512535427
384,dqte4cg,r/worldnews,593,0,593,Arts & Entertainment,-0.200000003,0.5,1512532879
385,dqtetir,r/worldnews,26,0,26,News,-0.5,1.0,1512533550
386,dqtiv3b,r/worldnews,30,0,30,Arts & Entertainment,0.0,0.400000006,1512537301
387,dqtc719,r/worldnews,143,0,143,Sports,-0.200000003,1.7000000477000001,1512531039
388,dqto620,r/worldnews,69,0,69,Sensitive Subjects,0.0,0.5,1512542395
389,dqte52x,r/worldnews,71,0,71,Arts & Entertainment,0.1000000015,2.5999999045999997,1512532898
390,dqtitcv,r/worldnews,11,0,11,Sports,-0.1000000015,2.0,1512537258
391,dqtcsz2,r/worldnews,3717,0,3717,Arts & Entertainment,0.5,1.1000000238,1512531624
392,dqtdlx7,r/worldnews,191,0,191,Sports,0.0,1.2999999522999999,1512532391
393,dqtenmi,r/worldnews,6,0,6,Health,-0.200000003,0.6999999881,1512533396
394,dqtea44,r/worldnews,56,0,56,Sports,0.0,0.5,1512533034
395,dqtb1du,r/worldnews,240,0,240,Sports,-0.200000003,1.3999999762,1512529933
396,dqtakj1,r/worldnews,45,0,45,Sports,0.400000006,0.8000000119,1512529483
397,dqtlfhr,r/worldnews,73,0,73,Arts & Entertainment,-0.200000003,1.0,1512539659
398,dqtll9y,r/worldnews,98,0,98,Sensitive Subjects,-0.1000000015,1.0,1512539812
399,dqth5er,r/worldnews,11,0,11,Arts & Entertainment,0.200000003,1.2000000477000001,1512535715
400,dqtdz3r,r/worldnews,69,0,69,Arts & Entertainment,0.6999999881,0.6999999881,1512532740
401,dqtdmkx,r/worldnews,110,0,110,Arts & Entertainment,0.0,0.200000003,1512532408
402,dqte86c,r/worldnews,19,0,19,Arts & Entertainment,-0.1000000015,0.8000000119,1512532979
403,dqtf878,r/worldnews,6,0,6,Hobbies & Leisure,-0.200000003,0.5,1512533943
404,dqte6nt,r/worldnews,6,0,6,Arts & Entertainment,0.8000000119,0.8000000119,1512532941
405,dqtdtc0,r/worldnews,198,0,198,Arts & Entertainment,-0.1000000015,0.5,1512532589
406,dqtdrij,r/worldnews,1068,0,1068,Arts & Entertainment,0.8000000119,0.8000000119,1512532541
407,dqtgr28,r/worldnews,7,0,7,Business & Industrial,-0.1000000015,1.7999999522999999,1512535350
408,dqte84o,r/worldnews,7,0,7,Arts & Entertainment,0.0,0.0,1512532978
409,dqth0ye,r/worldnews,83,0,83,Arts & Entertainment,-0.200000003,0.5,1512535602
410,dqtewkv,r/worldnews,13,0,13,Arts & Entertainment,-0.8999999762,0.8999999762,1512533631
411,dqtig84,r/worldnews,58,0,58,Arts & Entertainment,-0.5,1.6000000238,1512536925
412,dqtdx70,r/worldnews,72,0,72,Arts & Entertainment,-0.30000001190000003,3.0,1512532689
413,dqudkn5,r/worldnews,6,0,6,Sports,0.0,2.7000000477,1512576565
414,dqtqf9e,r/worldnews,16,0,16,Arts & Entertainment,0.1000000015,1.2000000477000001,1512544825
415,dqtfbbo,r/worldnews,7,0,7,News,0.0,0.0,1512534025
416,dqtii3b,r/worldnews,10,0,10,Arts & Entertainment,0.1000000015,0.1000000015,1512536971
417,dqtdem5,r/worldnews,1751,0,1751,Sports,0.1000000015,0.5,1512532197
418,dqte0wg,r/worldnews,10,0,10,Arts & Entertainment,-0.5,1.6000000238,1512532787
419,dqtdjb0,r/worldnews,32,0,32,Sports,-0.6000000238000001,0.6000000238000001,1512532322
420,dqte0c5,r/worldnews,318,0,318,Sports,-0.30000001190000003,2.5,1512532773
421,dqte83u,r/worldnews,94,0,94,Sports,0.1000000015,0.8000000119,1512532978
422,dqte80j,r/worldnews,32,0,32,Sports,0.0,0.8000000119,1512532975
423,dqtel9h,r/worldnews,9,0,9,Sports,-0.30000001190000003,1.1000000238,1512533334
424,dqtf3hk,r/worldnews,11,0,11,Sports,-0.30000001190000003,1.1000000238,1512533815
425,dqth375,r/worldnews,16,0,16,Sports,0.0,2.0,1512535659
426,dqtej04,r/worldnews,41,0,41,Sports,0.30000001190000003,1.2000000477000001,1512533275
427,dqtkdmq,r/worldnews,31,0,31,Sports,-0.200000003,0.200000003,1512538693
428,dqtie9v,r/worldnews,49,0,49,Arts & Entertainment,0.0,0.1000000015,1512536877
429,dqte1tu,r/worldnews,18,0,18,Sports,-0.1000000015,0.6000000238000001,1512532811
430,dqtgs7l,r/worldnews,13,0,13,Arts & Entertainment,0.30000001190000003,0.6000000238000001,1512535379
431,dqthsz1,r/worldnews,9,0,9,Sports,0.0,0.200000003,1512536321
432,dqthhz9,r/worldnews,16,0,16,Sports,-0.5,1.1000000238,1512536037
433,dqtcjsm,r/worldnews,112,0,112,Sports,0.400000006,0.400000006,1512531379
434,dqtejzn,r/worldnews,20,0,20,Sports,0.0,0.0,1512533301
435,dqtdo79,r/worldnews,100,0,100,Sports,0.1000000015,0.200000003,1512532451
436,dqtayzh,r/worldnews,64,0,64,Sports,0.1000000015,0.8999999762,1512529870
437,dqtf8jg,r/worldnews,239,0,239,Sports,0.200000003,0.400000006,1512533952
438,dqtg1x4,r/worldnews,11,0,11,Sports,0.0,0.0,1512534719
439,dqtgjrq,r/worldnews,95,0,95,Sports,0.0,1.3999999762,1512535170
440,dqtgoaw,r/worldnews,15,0,15,Sports,0.200000003,0.8000000119,1512535282
441,dqtf1ru,r/worldnews,248,0,248,People & Society,0.6000000238000001,1.2000000477000001,1512533769
442,dqti94m,r/worldnews,19,0,19,Sensitive Subjects,0.0,1.1000000238,1512536746
443,dqtkmpc,r/worldnews,7,0,7,Arts & Entertainment,0.400000006,1.3999999762,1512538919
444,dqtglr6,r/worldnews,247,0,247,News,0.0,2.9000000954000003,1512535218
445,dqtlbz5,r/worldnews,7,0,7,Arts & Entertainment,-0.1000000015,0.200000003,1512539567
446,dqtknci,r/worldnews,76,0,76,Law & Government,-0.1000000015,0.8999999762,1512538935
447,dqtfw9a,r/worldnews,79,0,79,Arts & Entertainment,0.400000006,0.8000000119,1512534571
448,dqtg9gp,r/worldnews,138,0,138,Arts & Entertainment,-0.1000000015,0.400000006,1512534912
449,dqth2jk,r/worldnews,25,0,25,Arts & Entertainment,-0.5,1.5,1512535642
450,dqtfvct,r/worldnews,15,0,15,Arts & Entertainment,0.0,0.1000000015,1512534547
451,dqtoczq,r/worldnews,11,0,11,Sports,-0.400000006,2.5999999045999997,1512542597
452,dqtfste,r/worldnews,111,0,111,Food & Drink,0.5,0.5,1512534482
453,dqtlo87,r/worldnews,52,0,52,Adult,0.0,1.2999999522999999,1512539889
454,dqtr71u,r/worldnews,9,0,9,Arts & Entertainment,0.30000001190000003,0.6999999881,1512545682
455,dqtfa2g,r/worldnews,11,0,11,News,-0.400000006,0.8999999762,1512533992
456,dqtdmqk,r/worldnews,1120,0,1120,Sports,0.0,0.0,1512532412
457,dqtggp6,r/worldnews,5,0,5,Sports,0.0,0.200000003,1512535093
458,dqtgem7,r/worldnews,18,0,18,Sports,-0.1000000015,0.6999999881,1512535040
459,dqtoeiz,r/worldnews,6,0,6,Arts & Entertainment,0.6000000238000001,0.6000000238000001,1512542642
460,dqtfj5y,r/worldnews,6,0,6,Sports,0.1000000015,0.1000000015,1512534229
461,dqtxb6r,r/worldnews,9,0,9,Sports,-0.30000001190000003,0.30000001190000003,1512552730
462,dqti50p,r/worldnews,61,0,61,Sports,0.200000003,0.400000006,1512536639
463,dqtbbfa,r/worldnews,35,0,35,Sports,0.0,0.8999999762,1512530199
464,dqtg1eh,r/worldnews,1439,0,1439,Sensitive Subjects,0.0,1.2000000477000001,1512534706
465,dqtfufe,r/worldnews,19,0,19,Health,0.1000000015,1.6000000238,1512534524
466,dqtfd5e,r/worldnews,528,0,528,Sports,0.30000001190000003,0.6999999881,1512534072
467,dqtfnuv,r/worldnews,61,0,61,People & Society,-0.1000000015,0.6000000238000001,1512534349
468,dqtmjdg,r/worldnews,67,0,67,People & Society,-0.8000000119,0.8000000119,1512540744
469,dqtdiw5,r/worldnews,247,0,247,Sensitive Subjects,0.400000006,1.2000000477000001,1512532311
470,dqty0bd,r/worldnews,7,0,7,Arts & Entertainment,0.6000000238000001,1.2000000477000001,1512553514
471,dqtm8ff,r/worldnews,64,0,64,Sports,0.0,1.2999999522999999,1512540436
472,dqterfu,r/worldnews,163,0,163,Arts & Entertainment,-0.30000001190000003,1.8999999762000002,1512533495
473,dqtsgrh,r/worldnews,41,0,41,Law & Government,-0.8000000119,0.8000000119,1512547121
474,dqteeq0,r/worldnews,308,0,308,Law & Government,-0.30000001190000003,0.8000000119,1512533158
475,dqte7k6,r/worldnews,231,0,231,Home & Garden,-0.200000003,1.0,1512532964
476,dqti9jk,r/worldnews,11,0,11,Arts & Entertainment,0.0,1.0,1512536757
477,dqthpzl,r/worldnews,30,0,30,Arts & Entertainment,-0.200000003,0.400000006,1512536244
478,dqtfmdt,r/worldnews,10,0,10,News,-0.30000001190000003,1.1000000238,1512534312
479,dqth9dr,r/worldnews,12,0,12,Sports,-0.5,0.5,1512535814
480,dqthjf2,r/worldnews,9,0,9,Sports,0.400000006,2.0,1512536074
481,dqthmbd,r/worldnews,10,0,10,Sports,-0.1000000015,6.0999999046,1512536150
482,dqtie1j,r/worldnews,34,0,34,Arts & Entertainment,-0.1000000015,0.6999999881,1512536871
483,dqtgctg,r/worldnews,27,0,27,Health,-0.400000006,0.8000000119,1512534995
484,dqthlrh,r/worldnews,153,0,153,Sports,0.0,0.0,1512536136
485,dqtiqyu,r/worldnews,6,0,6,Sports,0.0,0.400000006,1512537198
486,dqtz4ki,r/worldnews,20,0,20,Arts & Entertainment,0.1000000015,0.5,1512554746
487,dqtfb49,r/worldnews,51,0,51,Sensitive Subjects,-0.8999999762,0.8999999762,1512534019
488,dqtgq2n,r/worldnews,7,0,7,News,0.0,0.8000000119,1512535326
489,dqtgi1l,r/worldnews,90,0,90,Sports,0.1000000015,1.7000000477000001,1512535126
490,dqtgawi,r/worldnews,129,0,129,Jobs & Education,0.0,0.0,1512534948
491,dqtiwji,r/worldnews,8,0,8,Arts & Entertainment,0.0,0.8999999762,1512537336
492,dqthevi,r/worldnews,10,0,10,Hobbies & Leisure,0.5,0.5,1512535956
493,dqtkjo5,r/worldnews,145,0,145,Hobbies & Leisure,0.200000003,2.4000000954000003,1512538844
494,dqtl6sc,r/worldnews,39,0,39,Sports,0.200000003,0.200000003,1512539432
495,dqthhob,r/worldnews,8,0,8,Arts & Entertainment,0.0,2.5,1512536029
496,dqtkb1s,r/worldnews,74,0,74,Sports,0.8000000119,1.7000000477000001,1512538627
497,dqtkaow,r/worldnews,17,0,17,Sports,0.200000003,0.8000000119,1512538617
498,dqtj0zi,r/worldnews,14,0,14,Sports,0.30000001190000003,0.6999999881,1512537449
499,dqu7mby,r/worldnews,9,0,9,Sports,0.400000006,1.5,1512565198
500,dqtj62g,r/worldnews,54,0,54,Health,-0.6000000238000001,1.2000000477000001,1512537578
501,dqtkc3r,r/worldnews,59,0,59,Health,-0.1000000015,1.2000000477000001,1512538655
502,dqtsndu,r/worldnews,10,0,10,Hobbies & Leisure,0.0,0.1000000015,1512547332
503,dqu1wp5,r/worldnews,6,0,6,Hobbies & Leisure,0.0,0.6999999881,1512557875
504,dqtg2km,r/worldnews,24,0,24,Arts & Entertainment,0.400000006,1.2000000477000001,1512534737
505,dqtoz1e,r/worldnews,32,0,32,Sports,0.1000000015,0.1000000015,1512543251
506,dqu133o,r/worldnews,19,0,19,Sports,0.0,3.9000000954000003,1512556943
507,dqttjmu,r/worldnews,13,0,13,Health,0.5,1.1000000238,1512548372
508,dqts767,r/worldnews,11,0,11,Sensitive Subjects,-0.6999999881,0.6999999881,1512546817
509,dqtkr5q,r/worldnews,30,0,30,Sports,-0.6999999881,0.6999999881,1512539032
510,dqti0ku,r/worldnews,5,0,5,Games,0.8999999762,0.8999999762,1512536519
511,dq5za0f,r/worldnews,15433,0,15433,Games,0.1000000015,6.6999998093,1511336605
512,dq64hf1,r/worldnews,2496,0,2496,Arts & Entertainment,0.0,1.2000000477000001,1511342995
513,dq66cgt,r/worldnews,2005,0,2005,Games,0.1000000015,1.6000000238,1511345302
514,dq64lz8,r/worldnews,691,0,691,Games,-0.6000000238000001,1.2000000477000001,1511343154
515,dq6550q,r/worldnews,1007,0,1007,Arts & Entertainment,0.1000000015,1.1000000238,1511343801
516,dq67nwf,r/worldnews,120,0,120,Games,-0.200000003,5.0999999046,1511346966
517,dq62vs2,r/worldnews,534,0,534,Games,0.0,0.1000000015,1511341010
518,dq657d9,r/worldnews,41,0,41,Games,0.30000001190000003,0.30000001190000003,1511343881
519,dq64g8p,r/worldnews,26,0,26,Games,0.0,5.8000001907000005,1511342954
520,dq65t83,r/worldnews,56,0,56,Games,-0.1000000015,1.2000000477000001,1511344627
521,dq65ga8,r/worldnews,11,0,11,Games,-0.30000001190000003,0.6000000238000001,1511344180
522,dq650rf,r/worldnews,31,0,31,Shopping,-0.30000001190000003,0.8999999762,1511343659
523,dq610vr,r/worldnews,7,0,7,Games,-0.6000000238000001,0.6000000238000001,1511338710
524,dq67ijg,r/worldnews,33,0,33,Games,0.0,0.0,1511346781
525,dq68ikm,r/worldnews,15,0,15,Games,0.0,1.2000000477000001,1511348015
526,dq6mlyy,r/worldnews,7,0,7,Games,-0.8000000119,0.8000000119,1511373734
527,dq6my8k,r/worldnews,8,0,8,Arts & Entertainment,-0.200000003,0.200000003,1511374687
528,dq62nle,r/worldnews,77,0,77,Arts & Entertainment,0.6000000238000001,1.2999999522999999,1511340731
529,dq65zm3,r/worldnews,13,0,13,Games,0.0,0.8999999762,1511344851
530,dq61xpj,r/worldnews,82,0,82,Games,-0.1000000015,4.6999998093,1511339838
531,dq65bg9,r/worldnews,8,0,8,Arts & Entertainment,0.0,1.3999999762,1511344019
532,dq6565g,r/worldnews,429,0,429,Games,0.6000000238000001,1.2000000477000001,1511343840
533,dq668yw,r/worldnews,581,0,581,Games,0.0,1.3999999762,1511345182
534,dq65ga6,r/worldnews,7,0,7,Games,-0.5,0.5,1511344180
535,dq691cl,r/worldnews,226,0,226,Hobbies & Leisure,0.400000006,0.8000000119,1511348665
536,dq667lz,r/worldnews,1825,0,1825,Games,0.0,1.8999999762000002,1511345136
537,dq6acob,r/worldnews,13,0,13,Games,0.30000001190000003,0.8999999762,1511350375
538,dq68fnt,r/worldnews,14,0,14,Games,-0.30000001190000003,2.4000000954000003,1511347916
539,dq684qf,r/worldnews,440,0,440,Arts & Entertainment,-0.200000003,3.4000000954000003,1511347539
540,dq6446z,r/worldnews,3150,0,3150,Games,-0.8000000119,2.5,1511342537
541,dq5zswo,r/worldnews,10508,0,10508,Games,-0.30000001190000003,2.2999999523,1511337222
542,dq654xa,r/worldnews,6,0,6,Games,-0.1000000015,0.1000000015,1511343798
543,dq64qe8,r/worldnews,75,0,75,Games,-0.1000000015,0.8999999762,1511343305
544,dq63656,r/worldnews,141,0,141,Hobbies & Leisure,-0.1000000015,0.6000000238000001,1511341364
545,dq61x1c,r/worldnews,107,0,107,Games,0.0,1.3999999762,1511339814
546,dq6gu0t,r/worldnews,190,0,190,Games,0.0,0.1000000015,1511360305
547,dq657tv,r/worldnews,1448,0,1448,Adult,-0.200000003,0.400000006,1511343897
548,dq6fgxe,r/worldnews,10,0,10,Arts & Entertainment,0.6000000238000001,1.2999999522999999,1511357902
549,dq6nk9v,r/worldnews,8,0,8,Law & Government,0.1000000015,0.400000006,1511376373
550,dq6g28r,r/worldnews,13,0,13,Games,-0.1000000015,0.400000006,1511358901
551,dq65zia,r/worldnews,11,0,11,Games,-0.1000000015,1.1000000238,1511344847
552,dq68eqs,r/worldnews,13,0,13,Games,-0.200000003,0.6999999881,1511347886
553,dq67qo7,r/worldnews,53,0,53,Law & Government,-0.200000003,0.8000000119,1511347062
554,dq6bd09,r/worldnews,9,0,9,Games,0.0,4.1999998093,1511351731
555,dq65725,r/worldnews,87,0,87,Computers & Electronics,-0.5,3.0999999046,1511343870
556,dq6750w,r/worldnews,154,0,154,Games,0.0,0.8000000119,1511346307
557,dq6395z,r/worldnews,1646,0,1646,Games,0.0,4.3000001907,1511341470
558,dq66j6r,r/worldnews,70,0,70,Arts & Entertainment,0.400000006,0.8000000119,1511345538
559,dq676g1,r/worldnews,284,0,284,Arts & Entertainment,-0.30000001190000003,2.2000000477,1511346358
560,dq6jl3u,r/worldnews,13,0,13,Pets & Animals,0.0,1.1000000238,1511366119
561,dq6mwx1,r/worldnews,62,0,62,Business & Industrial,-0.1000000015,0.30000001190000003,1511374587
562,dq6aqud,r/worldnews,23,0,23,Games,-0.200000003,5.9000000954,1511350897
563,dq68y1z,r/worldnews,225,0,225,Arts & Entertainment,-0.30000001190000003,1.7000000477000001,1511348549
564,dq601aq,r/worldnews,159,0,159,Games,-0.30000001190000003,0.6000000238000001,1511337503
565,dq656s7,r/worldnews,414,0,414,Games,0.0,1.2000000477000001,1511343860
566,dq64rja,r/worldnews,265,0,265,Games,-0.30000001190000003,3.2000000477,1511343344
567,dq65cg9,r/worldnews,51,0,51,Arts & Entertainment,0.0,3.0999999046,1511344052
568,dq65ocg,r/worldnews,6,0,6,Games,-0.400000006,2.2999999523,1511344457
569,dq64htk,r/worldnews,729,0,729,Arts & Entertainment,0.0,0.400000006,1511343009
570,dq64um3,r/worldnews,176,0,176,Law & Government,-0.400000006,0.8999999762,1511343453
571,dq66pxm,r/worldnews,6,0,6,Law & Government,0.0,0.0,1511345779
572,dq67q7q,r/worldnews,12,0,12,Games,0.400000006,1.8999999762000002,1511347046
573,dq6at1d,r/worldnews,13,0,13,Games,0.1000000015,1.6000000238,1511350978
574,dq61zk7,r/worldnews,1527,0,1527,Arts & Entertainment,0.1000000015,14.1000003815,1511339901
575,dq62asp,r/worldnews,246,0,246,Games,-0.30000001190000003,1.0,1511340291
576,dq64pcm,r/worldnews,199,0,199,Games,0.0,1.2999999522999999,1511343269
577,dq68bz1,r/worldnews,14,0,14,Games,0.0,0.5,1511347789
578,dq6350h,r/worldnews,89,0,89,Games,0.0,1.0,1511341325
579,dq6630g,r/worldnews,10,0,10,Games,0.0,0.30000001190000003,1511344971
580,dq623te,r/worldnews,134,0,134,Games,0.0,3.2999999523,1511340049
581,dq65rkj,r/worldnews,32,0,32,Food & Drink,0.400000006,1.3999999762,1511344570
582,dq6jcaj,r/worldnews,28,0,28,Law & Government,0.0,1.5,1511365558
583,dq65vq2,r/worldnews,201,0,201,Business & Industrial,-0.30000001190000003,0.6999999881,1511344715
584,dq6b2d4,r/worldnews,6,0,6,Law & Government,-0.1000000015,0.1000000015,1511351327
585,dq6b84x,r/worldnews,88,0,88,Games,-0.200000003,0.200000003,1511351546
586,dq6bq9s,r/worldnews,29,0,29,Arts & Entertainment,-0.200000003,0.8000000119,1511352222
587,dq6h0jc,r/worldnews,8,0,8,Games,0.0,0.200000003,1511360645
588,dq6rwwl,r/worldnews,8,0,8,News,-0.1000000015,0.400000006,1511385733
589,dq69hhm,r/worldnews,94,0,94,Business & Industrial,0.0,0.200000003,1511349244
590,dq65dt8,r/worldnews,1154,0,1154,Arts & Entertainment,0.0,2.0999999046,1511344098
591,dq6ekgq,r/worldnews,57,0,57,Arts & Entertainment,0.0,0.1000000015,1511356427
592,dq67lt9,r/worldnews,73,0,73,Games,-0.5,0.5,1511346891
593,dq68atw,r/worldnews,214,0,214,People & Society,0.1000000015,1.8999999762000002,1511347750
594,dq683zb,r/worldnews,324,0,324,Arts & Entertainment,0.30000001190000003,3.2000000477,1511347513
595,dq6kyv7,r/worldnews,11,0,11,Hobbies & Leisure,0.6000000238000001,1.2999999522999999,1511369464
596,dq6nd57,r/worldnews,28,0,28,Arts & Entertainment,0.0,0.400000006,1511375827
597,dq6gfai,r/worldnews,10,0,10,Games,-0.200000003,0.6000000238000001,1511359542
598,dq6a5mp,r/worldnews,305,0,305,Games,0.5,0.5,1511350116
599,dq6chf4,r/worldnews,62,0,62,Arts & Entertainment,-0.30000001190000003,0.30000001190000003,1511353278
600,dq655vm,r/worldnews,746,0,746,Games,-0.200000003,2.7000000477,1511343830
601,dq65ewo,r/worldnews,164,0,164,Beauty & Fitness,0.5,2.2999999523,1511344134
602,dq66col,r/worldnews,24,0,24,Arts & Entertainment,-0.200000003,0.200000003,1511345310
603,dq651g1,r/worldnews,38,0,38,Games,-0.1000000015,0.6000000238000001,1511343680
604,dq672ud,r/worldnews,202,0,202,Games,0.0,1.0,1511346229
605,dq6bnef,r/worldnews,7,0,7,Games,0.0,0.5,1511352115
606,dq65xln,r/worldnews,50,0,50,Games,-0.5,1.1000000238,1511344781
607,dq62u99,r/worldnews,388,0,388,Books & Literature,0.1000000015,2.2999999523,1511340958
608,dq67xe5,r/worldnews,49,0,49,Games,0.0,0.5,1511347291
609,dq6ab11,r/worldnews,8,0,8,Food & Drink,0.0,1.3999999762,1511350316
610,dq63xlg,r/worldnews,22,0,22,Games,0.0,1.7999999522999999,1511342308
611,dq66n7k,r/worldnews,12,0,12,Games,0.0,0.0,1511345683
612,dq62n72,r/worldnews,47,0,47,Games,-0.30000001190000003,1.2999999522999999,1511340717
613,dq689ja,r/worldnews,10,0,10,Games,0.200000003,3.0999999046,1511347706
614,dq67ajm,r/worldnews,7,0,7,Games,-0.1000000015,6.8000001907000005,1511346502
615,dq65rzj,r/worldnews,6,0,6,Sports,0.0,0.6000000238000001,1511344585
616,dq661v6,r/worldnews,8,0,8,Arts & Entertainment,0.6999999881,0.6999999881,1511344930
617,dq66qol,r/worldnews,532,0,532,Arts & Entertainment,-0.1000000015,0.1000000015,1511345806
618,dq66xac,r/worldnews,600,0,600,Games,-0.400000006,2.9000000954000003,1511346035
619,dq66bor,r/worldnews,61,0,61,Games,-0.30000001190000003,0.6999999881,1511345276
620,dq67hls,r/worldnews,11,0,11,Games,0.1000000015,2.2000000477,1511346748
621,dq6cqei,r/worldnews,8,0,8,Games,-0.30000001190000003,0.30000001190000003,1511353642
622,dq6b945,r/worldnews,21,0,21,Games,-0.200000003,2.7000000477,1511351583
623,dq6hgpw,r/worldnews,26,0,26,Arts & Entertainment,-0.400000006,1.2999999522999999,1511361524
624,dq6lmw8,r/worldnews,7,0,7,Games,-0.30000001190000003,5.3000001907,1511371161
625,dq6hl1b,r/worldnews,9,0,9,Arts & Entertainment,0.1000000015,0.400000006,1511361759
626,dq6d95z,r/worldnews,34,0,34,Arts & Entertainment,-0.30000001190000003,1.2999999522999999,1511354403
627,dq65ggg,r/worldnews,282,0,282,Beauty & Fitness,0.0,1.2000000477000001,1511344186
628,dq65wdh,r/worldnews,111,0,111,Sports,0.0,0.6999999881,1511344739
629,dq65j0g,r/worldnews,70,0,70,Shopping,0.0,0.8999999762,1511344275
630,dq67qgn,r/worldnews,20,0,20,Games,-0.400000006,0.8999999762,1511347055
631,dq65cfq,r/worldnews,514,0,514,Beauty & Fitness,-0.1000000015,1.6000000238,1511344052
632,dq65311,r/worldnews,247,0,247,Games,0.30000001190000003,3.2999999523,1511343735
633,dq68t8c,r/worldnews,22,0,22,Finance,-0.1000000015,0.1000000015,1511348383
634,dq6585g,r/worldnews,90,0,90,Games,0.0,0.6000000238000001,1511343908
635,dq66eob,r/worldnews,36,0,36,Business & Industrial,-0.1000000015,0.400000006,1511345380
636,dq67jdj,r/worldnews,149,0,149,Games,-0.200000003,2.4000000954000003,1511346809
637,dq6d4zg,r/worldnews,11,0,11,Games,0.200000003,0.5,1511354234
638,dq685wv,r/worldnews,13,0,13,Games,-0.5,1.0,1511347581
639,dq65dd5,r/worldnews,320,0,320,Finance,0.0,2.5999999045999997,1511344084
640,dq64se6,r/worldnews,62,0,62,Books & Literature,0.0,0.200000003,1511343374
641,dq6a1ji,r/worldnews,20,0,20,Games,0.0,3.7999999523,1511349965
642,dq6cnrb,r/worldnews,6,0,6,Arts & Entertainment,0.1000000015,2.5999999045999997,1511353534
643,dq66f27,r/worldnews,8,0,8,Finance,-0.200000003,0.6000000238000001,1511345393
644,dq64wuc,r/worldnews,110,0,110,Arts & Entertainment,0.200000003,1.5,1511343526
645,dq6h4uw,r/worldnews,8,0,8,Food & Drink,0.0,0.30000001190000003,1511360877
646,dq6arrd,r/worldnews,7,0,7,Internet & Telecom,-0.1000000015,1.0,1511350930
647,dq66e6g,r/worldnews,76,0,76,Beauty & Fitness,0.0,2.9000000954000003,1511345362
648,dq68jov,r/worldnews,7,0,7,Games,0.30000001190000003,1.0,1511348053
649,dq65ooy,r/worldnews,161,0,161,Games,0.0,1.1000000238,1511344468
650,dq68xgo,r/worldnews,24,0,24,Arts & Entertainment,-0.1000000015,0.8000000119,1511348530
651,dq6d3oy,r/worldnews,6,0,6,Business & Industrial,-0.200000003,0.8000000119,1511354182
652,dq683ks,r/worldnews,54,0,54,Games,0.5,2.0999999046,1511347500
653,dq6k5od,r/worldnews,12,0,12,Arts & Entertainment,-0.1000000015,3.0999999046,1511367484
654,dq67ijt,r/worldnews,487,0,487,Games,-0.30000001190000003,1.8999999762000002,1511346781
655,dq69hf0,r/worldnews,106,0,106,Arts & Entertainment,0.0,1.7999999522999999,1511349240
656,dq67l2c,r/worldnews,33,0,33,Arts & Entertainment,-0.5,3.2000000477,1511346867
657,dq6caff,r/worldnews,17,0,17,Arts & Entertainment,-0.200000003,2.7000000477,1511353007
658,dq6eat5,r/worldnews,20,0,20,Games,-0.400000006,3.0,1511356002
659,dq66znl,r/worldnews,8,0,8,Games,0.200000003,0.5,1511346116
660,dq6clhz,r/worldnews,136,0,136,Games,0.30000001190000003,2.5,1511353442
661,dq69fdv,r/worldnews,12,0,12,Games,-0.1000000015,0.1000000015,1511349166
662,dq65vch,r/worldnews,231,0,231,Games,0.0,0.1000000015,1511344701
663,dq6642m,r/worldnews,8,0,8,Games,-0.1000000015,0.30000001190000003,1511345010
664,dq6956s,r/worldnews,6,0,6,Games,-0.1000000015,10.1000003815,1511348800
665,dq68k4j,r/worldnews,36,0,36,Games,0.0,0.5,1511348068
666,dq69abj,r/worldnews,19,0,19,Games,0.1000000015,1.2999999522999999,1511348984
667,dq670ra,r/worldnews,222,0,222,Games,-0.30000001190000003,3.5,1511346155
668,dq6b0ix,r/worldnews,9,0,9,Arts & Entertainment,-0.8999999762,0.8999999762,1511351257
669,dq68akh,r/worldnews,8,0,8,Beauty & Fitness,-0.30000001190000003,1.8999999762000002,1511347741
670,dq66gox,r/worldnews,12,0,12,Business & Industrial,-0.200000003,1.0,1511345452
671,dq6bqcy,r/worldnews,10,0,10,Games,-0.6999999881,0.6999999881,1511352226
672,dq665v9,r/worldnews,23,0,23,Games,0.30000001190000003,0.8999999762,1511345074
673,dq6fh6f,r/worldnews,18,0,18,Games,0.200000003,1.1000000238,1511357912
674,dq69ec5,r/worldnews,45,0,45,Games,-0.5,0.5,1511349127
675,dq6cx7h,r/worldnews,36,0,36,Games,0.1000000015,0.30000001190000003,1511353917
676,dq67a3d,r/worldnews,22,0,22,Games,0.0,0.400000006,1511346487
677,dq675vm,r/worldnews,90,0,90,Games,0.0,3.0999999046,1511346338
678,dq68rz1,r/worldnews,12,0,12,Games,0.5,1.7000000477000001,1511348338
679,dq6fyt3,r/worldnews,13,0,13,Arts & Entertainment,-0.400000006,2.2000000477,1511358742
680,dq69fkz,r/worldnews,5,0,5,Games,-0.30000001190000003,0.6999999881,1511349172
681,dq6cwgc,r/worldnews,9,0,9,Games,-0.8000000119,0.8000000119,1511353887
682,dq6idh1,r/worldnews,17,0,17,Games,0.0,0.8000000119,1511363410
683,dq6k45j,r/worldnews,7,0,7,Games,-0.200000003,1.2000000477000001,1511367379
684,dq6jlsu,r/worldnews,9,0,9,Food & Drink,-0.30000001190000003,0.8999999762,1511366165
685,dq6glc1,r/worldnews,6,0,6,Arts & Entertainment,0.0,0.0,1511359854
686,dq67iyz,r/worldnews,114,0,114,Games,0.0,1.6000000238,1511346795
687,dq69oe4,r/worldnews,15,0,15,Computers & Electronics,0.0,0.5,1511349489
688,dq66t3k,r/worldnews,27,0,27,Games,0.6999999881,1.5,1511345890
689,dq66ul7,r/worldnews,35,0,35,Games,0.0,1.7999999522999999,1511345942
690,dq7vdjq,r/worldnews,303,0,303,Arts & Entertainment,-0.400000006,4.5,1511431577
691,dq7nwxz,r/worldnews,9905,0,9905,Law & Government,0.0,2.5,1511421885
692,dq7pro5,r/worldnews,4768,0,4768,News,-0.1000000015,2.2000000477,1511424287
693,dq7psyj,r/worldnews,699,0,699,News,0.0,1.7000000477000001,1511424334
694,dq7p359,r/worldnews,241,0,241,Finance,-0.1000000015,2.2000000477,1511423398
695,dq7u6bm,r/worldnews,109,0,109,News,0.0,1.5,1511430003
696,dq7sax8,r/worldnews,254,0,254,News,0.0,1.7000000477000001,1511427558
697,dq8f0xt,r/worldnews,8,0,8,Internet & Telecom,0.0,1.2999999522999999,1511470150
698,dq7swgi,r/worldnews,38,0,38,News,0.0,8.5,1511428349
699,dq84xum,r/worldnews,6,0,6,Internet & Telecom,-0.1000000015,3.4000000954000003,1511445409
700,dq8vv1o,r/worldnews,5,0,5,News,-0.1000000015,0.400000006,1511493730
701,dq7wsmj,r/worldnews,8,0,8,Law & Government,-0.400000006,0.400000006,1511433383
702,dq7tn9i,r/worldnews,1170,0,1170,News,-0.30000001190000003,2.7000000477,1511429323
703,dq7uf0g,r/worldnews,96,0,96,Law & Government,0.200000003,0.200000003,1511430325
704,dq7vc90,r/worldnews,49,0,49,News,0.0,1.2000000477000001,1511431530
705,dq7vk5z,r/worldnews,123,0,123,Arts & Entertainment,0.0,0.0,1511431820
706,dq7x808,r/worldnews,163,0,163,Internet & Telecom,0.0,0.0,1511433900
707,dq7utrq,r/worldnews,169,0,169,Internet & Telecom,-0.30000001190000003,1.3999999762,1511430865
708,dq7uipa,r/worldnews,19,0,19,Internet & Telecom,-0.30000001190000003,2.2000000477,1511430461
709,dq7ttbg,r/worldnews,90,0,90,News,-0.1000000015,0.1000000015,1511429538
710,dq7siq5,r/worldnews,30,0,30,Finance,-0.200000003,0.6999999881,1511427839
711,dq7thjj,r/worldnews,22,0,22,News,-0.1000000015,0.8000000119,1511429120
712,dq7vbk0,r/worldnews,1061,0,1061,People & Society,-0.200000003,1.0,1511431506
713,dq7wgtu,r/worldnews,95,0,95,News,-0.30000001190000003,1.2999999522999999,1511432971
714,dq7uv2l,r/worldnews,531,0,531,News,0.0,3.2999999523,1511430912
715,dq7uwqs,r/worldnews,36,0,36,News,0.0,0.5,1511430971
716,dq7u12q,r/worldnews,412,0,412,News,0.8000000119,1.6000000238,1511429816
717,dq83jdv,r/worldnews,7,0,7,News,-0.200000003,1.3999999762,1511443001
718,dq7ttys,r/worldnews,85,0,85,Internet & Telecom,-0.1000000015,0.1000000015,1511429562
719,dq7rnmn,r/worldnews,629,0,629,People & Society,0.0,1.5,1511426718
720,dq8a9m8,r/worldnews,17,0,17,News,0.1000000015,0.200000003,1511457181
721,dq7w67f,r/worldnews,49,0,49,Arts & Entertainment,-0.400000006,1.2000000477000001,1511432595
722,dq82clq,r/worldnews,4,0,4,Adult,-0.5,1.6000000238,1511441063
723,dq7v986,r/worldnews,23,0,23,Arts & Entertainment,-0.200000003,0.5,1511431422
724,dq7x3id,r/worldnews,7,0,7,Internet & Telecom,0.200000003,0.6000000238000001,1511433746
725,dq7x59z,r/worldnews,13,0,13,Internet & Telecom,0.400000006,0.8999999762,1511433806
726,dq7y4pv,r/worldnews,9,0,9,Internet & Telecom,-0.1000000015,4.5,1511435043
727,dq7ww2b,r/worldnews,5,0,5,Arts & Entertainment,0.400000006,1.0,1511433500
728,dq7w9k3,r/worldnews,46,0,46,News,-0.30000001190000003,1.7999999522999999,1511432714
729,dq7u6sd,r/worldnews,16,0,16,People & Society,-0.200000003,9.5,1511430020
730,dq7tyrq,r/worldnews,434,0,434,Health,0.200000003,0.6999999881,1511429733
731,dq83n8e,r/worldnews,14,0,14,News,-0.400000006,0.8000000119,1511443181
732,dq7x8uz,r/worldnews,4,0,4,Pets & Animals,-0.200000003,1.3999999762,1511433928
733,dq7u2xs,r/worldnews,21,0,21,Internet & Telecom,-0.1000000015,0.8999999762,1511429881
734,dq7sz77,r/worldnews,35,0,35,Arts & Entertainment,0.0,0.1000000015,1511428449
735,dq7tfhs,r/worldnews,78,0,78,Internet & Telecom,0.0,0.8999999762,1511429048
736,dq7uvhv,r/worldnews,28,0,28,Arts & Entertainment,0.0,1.7999999522999999,1511430927
737,dq7s6w0,r/worldnews,771,0,771,Arts & Entertainment,0.5,1.1000000238,1511427407
738,dq7qzer,r/worldnews,133,0,133,News,-0.30000001190000003,0.30000001190000003,1511425839
739,dq7t712,r/worldnews,200,0,200,Arts & Entertainment,0.0,2.0,1511428742
740,dq7tjwo,r/worldnews,35,0,35,Hobbies & Leisure,0.1000000015,0.400000006,1511429206
741,dq7uyo5,r/worldnews,11,0,11,Internet & Telecom,0.0,0.200000003,1511431039
742,dq7vu2t,r/worldnews,30,0,30,Arts & Entertainment,0.0,1.2000000477000001,1511432167
743,dq7x14w,r/worldnews,7,0,7,Finance,-0.400000006,0.8000000119,1511433666
744,dq7xdcv,r/worldnews,126,0,126,People & Society,-0.1000000015,0.6999999881,1511434082
745,dq80gfz,r/worldnews,13,0,13,News,-0.1000000015,0.30000001190000003,1511438233
746,dq7v6sd,r/worldnews,507,0,507,Law & Government,-0.6999999881,1.3999999762,1511431332
747,dq7w3eu,r/worldnews,50,0,50,News,0.0,1.7000000477000001,1511432498
748,dq7wbw9,r/worldnews,37,0,37,Internet & Telecom,-0.5,2.5,1511432800
749,dq7vryd,r/worldnews,16,0,16,News,-0.30000001190000003,1.7000000477000001,1511432094
750,dq7u9bp,r/worldnews,346,0,346,News,0.200000003,0.400000006,1511430113
751,dq7wn22,r/worldnews,4,0,4,News,0.0,1.7000000477000001,1511433189
752,dq7uajo,r/worldnews,562,0,562,Business & Industrial,0.1000000015,4.0,1511430159
753,dq7zdkb,r/worldnews,5,0,5,Law & Government,-0.1000000015,1.5,1511436710
754,dq7xa18,r/worldnews,5,0,5,Arts & Entertainment,-0.1000000015,1.7000000477000001,1511433967
755,dq7t4or,r/worldnews,126,0,126,People & Society,-0.1000000015,5.5,1511428652
756,dq7w8n7,r/worldnews,4,0,4,Internet & Telecom,0.200000003,1.0,1511432683
757,dq821tz,r/worldnews,18,0,18,Arts & Entertainment,0.200000003,0.6999999881,1511440608
758,dq7wl14,r/worldnews,10,0,10,News,0.0,0.0,1511433121
759,dq7vxop,r/worldnews,88,0,88,Arts & Entertainment,0.200000003,0.6999999881,1511432295
760,dq89d8r,r/worldnews,8,0,8,News,-0.400000006,0.8000000119,1511454822
761,dq7yril,r/worldnews,25,0,25,Arts & Entertainment,-0.30000001190000003,1.1000000238,1511435884
762,dq7upwe,r/worldnews,141,0,141,News,0.0,2.2000000477,1511430721
763,dq7ub8x,r/worldnews,224,0,224,Law & Government,-0.400000006,0.8000000119,1511430184
764,dq7t2jy,r/worldnews,188,0,188,News,-0.400000006,3.4000000954000003,1511428575
765,dq82rnw,r/worldnews,40,0,40,News,0.200000003,0.200000003,1511441731
766,dq7we6d,r/worldnews,9,0,9,Law & Government,-0.30000001190000003,0.6999999881,1511432880
767,dq80rki,r/worldnews,159,0,159,Business & Industrial,-0.1000000015,7.6999998093,1511438673
768,dq868ji,r/worldnews,6,0,6,Arts & Entertainment,-0.1000000015,1.3999999762,1511447855
769,dq7ulvq,r/worldnews,170,0,170,News,0.0,0.0,1511430579
770,dq7wztg,r/worldnews,6,0,6,Law & Government,-0.200000003,2.2000000477,1511433620
771,dq7wk34,r/worldnews,6,0,6,News,-0.6000000238000001,1.8999999762000002,1511433087
772,dq7w35w,r/worldnews,86,0,86,Internet & Telecom,-0.200000003,0.8000000119,1511432489
773,dq80rt1,r/worldnews,3,0,3,Business & Industrial,0.200000003,0.8999999762,1511438682
774,dq7u92o,r/worldnews,16,0,16,Arts & Entertainment,-0.200000003,0.8999999762,1511430103
775,dq7vxlp,r/worldnews,53,0,53,Arts & Entertainment,-0.6999999881,0.6999999881,1511432292
776,dq7tmvj,r/worldnews,36,0,36,Law & Government,-0.400000006,1.2000000477000001,1511429309
777,dq7xutz,r/worldnews,4,0,4,News,-0.1000000015,1.2999999522999999,1511434698
778,dq7w3uq,r/worldnews,89,0,89,News,-0.8000000119,1.7000000477000001,1511432514
779,dq81ghy,r/worldnews,12,0,12,News,-0.200000003,4.8000001907000005,1511439712
780,dq7wz3t,r/worldnews,30,0,30,Law & Government,0.0,0.6999999881,1511433597
781,dq8fl3b,r/worldnews,8,0,8,Arts & Entertainment,-0.400000006,0.8999999762,1511471374
782,dq7y303,r/worldnews,34,0,34,Arts & Entertainment,-0.6000000238000001,1.2999999522999999,1511434980
783,dq7ydr0,r/worldnews,27,0,27,Arts & Entertainment,-0.5,0.5,1511435365
784,dq8wpa8,r/worldnews,4,0,4,News,0.1000000015,0.8000000119,1511494772
785,dq82t3r,r/worldnews,21,0,21,News,-0.200000003,1.2000000477000001,1511441797
786,dq7umxt,r/worldnews,56,0,56,Business & Industrial,-0.30000001190000003,1.7000000477000001,1511430616
787,dq7w1ue,r/worldnews,75,0,75,News,0.30000001190000003,3.0999999046,1511432444
788,dq7y1oq,r/worldnews,5,0,5,News,0.0,1.3999999762,1511434935
789,dq7ury2,r/worldnews,242,0,242,News,0.0,0.6000000238000001,1511430797
790,dq7ulge,r/worldnews,19,0,19,News,-0.200000003,1.2000000477000001,1511430563
791,dq834iy,r/worldnews,7,0,7,News,-0.1000000015,0.8000000119,1511442314
792,dq7t89n,r/worldnews,140,0,140,News,-0.30000001190000003,0.6999999881,1511428788
793,dq7tabb,r/worldnews,58,0,58,News,-0.1000000015,0.6000000238000001,1511428862
794,dq7tips,r/worldnews,47,0,47,News,-0.1000000015,0.6000000238000001,1511429163
795,dq7tys3,r/worldnews,59,0,59,Arts & Entertainment,0.6999999881,2.2000000477,1511429734
796,dq8cumx,r/worldnews,12,0,12,People & Society,-0.30000001190000003,0.6999999881,1511464555
797,dq7vu07,r/worldnews,439,0,439,Internet & Telecom,-0.400000006,7.3000001907,1511432164
798,dq811xc,r/worldnews,6,0,6,News,-0.1000000015,3.4000000954000003,1511439100
799,dq7uyl3,r/worldnews,46,0,46,Computers & Electronics,-0.1000000015,0.6999999881,1511431036
800,dq7v5wx,r/worldnews,7,0,7,Computers & Electronics,-0.200000003,1.2999999522999999,1511431301
801,dq7wm07,r/worldnews,9,0,9,Arts & Entertainment,0.200000003,0.200000003,1511433154
802,dq7uvst,r/worldnews,24,0,24,Arts & Entertainment,-0.6999999881,1.5,1511430938
803,dq7umk5,r/worldnews,81,0,81,News,0.0,1.0,1511430602
804,dq7xq9o,r/worldnews,15,0,15,People & Society,0.0,3.2000000477,1511434542
805,dq7ycji,r/worldnews,10,0,10,Internet & Telecom,0.0,0.6000000238000001,1511435321
806,dq87cth,r/worldnews,17,0,17,News,-0.30000001190000003,2.2999999523,1511450170
807,dq7vb2l,r/worldnews,112,0,112,People & Society,-0.6999999881,0.6999999881,1511431489
808,dq7wky8,r/worldnews,42,0,42,Arts & Entertainment,-0.1000000015,1.0,1511433118
809,dq7voro,r/worldnews,49,0,49,Arts & Entertainment,-0.8000000119,0.8000000119,1511431982
810,dq92i9n,r/worldnews,7,0,7,Arts & Entertainment,-0.200000003,0.5,1511502164
811,dq87hr6,r/worldnews,13,0,13,News,-0.1000000015,0.6000000238000001,1511450472
812,dq83chp,r/worldnews,4,0,4,News,-0.8000000119,1.7000000477000001,1511442684
813,dq7v6j9,r/worldnews,142,0,142,News,0.400000006,1.7999999522999999,1511431323
814,dq7wsz5,r/worldnews,12,0,12,Arts & Entertainment,0.0,1.5,1511433395
815,dq7vg4y,r/worldnews,57,0,57,News,-0.1000000015,0.8000000119,1511431670
816,dq7u9j8,r/worldnews,67,0,67,News,-0.6000000238000001,1.2000000477000001,1511430120
817,dq7v2sd,r/worldnews,5,0,5,News,-0.5,1.0,1511431185
818,dq7uxyr,r/worldnews,4,0,4,People & Society,0.0,0.1000000015,1511431014
819,dq7wq5y,r/worldnews,4,0,4,Sensitive Subjects,0.0,0.30000001190000003,1511433298
820,dq86gsv,r/worldnews,81,0,81,People & Society,-0.400000006,0.400000006,1511448304
821,dq84b87,r/worldnews,40,0,40,People & Society,0.0,0.8999999762,1511444315
822,dq7y6q8,r/worldnews,143,0,143,Arts & Entertainment,-0.200000003,2.7999999523,1511435115
823,dq83tea,r/worldnews,25,0,25,Business & Industrial,0.0,1.3999999762,1511443472
824,dq82q5m,r/worldnews,7,0,7,News,-0.200000003,1.3999999762,1511441665
825,dq7zc2g,r/worldnews,4,0,4,Internet & Telecom,-0.1000000015,1.2999999522999999,1511436652
826,dq7z2nl,r/worldnews,31,0,31,Arts & Entertainment,-0.30000001190000003,1.2000000477000001,1511436305
827,dq983m9,r/worldnews,5,0,5,Arts & Entertainment,-0.1000000015,0.8999999762,1511509990
828,dq81n4m,r/worldnews,16,0,16,Arts & Entertainment,-0.200000003,0.8999999762,1511439986
829,dq80n2t,r/worldnews,17,0,17,News,-0.30000001190000003,1.7000000477000001,1511438496
830,dq7x3i5,r/worldnews,6,0,6,News,0.0,0.1000000015,1511433746
831,dq7wxlh,r/worldnews,19,0,19,People & Society,-0.30000001190000003,1.2999999522999999,1511433550
832,dq85il0,r/worldnews,67,0,67,Law & Government,0.0,0.6000000238000001,1511446463
833,dq82uds,r/worldnews,26,0,26,Arts & Entertainment,-0.5,2.5,1511441855
834,dq7x836,r/worldnews,25,0,25,News,-0.1000000015,0.8999999762,1511433902
835,dq87kdk,r/worldnews,19,0,19,Internet & Telecom,0.5,1.0,1511450635
836,dq7zm5l,r/worldnews,24,0,24,News,-0.200000003,1.2999999522999999,1511437042
837,dq82xsw,r/worldnews,6,0,6,Arts & Entertainment,0.0,1.8999999762000002,1511442006
838,dq7ynx6,r/worldnews,7,0,7,Jobs & Education,-0.1000000015,0.200000003,1511435749
839,dq7xwai,r/worldnews,8,0,8,News,0.0,0.8000000119,1511434749
840,dq82avv,r/worldnews,17,0,17,News,-0.8000000119,0.8000000119,1511440990
841,dq81212,r/worldnews,16,0,16,Arts & Entertainment,0.0,4.0,1511439105
842,dq80msu,r/worldnews,6,0,6,News,0.200000003,0.400000006,1511438485
843,dou6csc,r/worldnews,3213,0,3213,News,0.0,0.1000000015,1508909301
844,dou3lrt,r/worldnews,12726,0,12726,Business & Industrial,0.0,0.6999999881,1508906392
845,doug42l,r/worldnews,688,0,688,News,-0.30000001190000003,0.6999999881,1508920639
846,dou42xn,r/worldnews,211,0,211,Online Communities,-0.5,0.5,1508906873
847,doue7j6,r/worldnews,50,0,50,Arts & Entertainment,-0.200000003,1.0,1508918497
848,douzo0r,r/worldnews,4,0,4,News,-0.1000000015,1.2000000477000001,1508954633
849,doukg3v,r/worldnews,9,0,9,Arts & Entertainment,-0.6999999881,0.6999999881,1508925557
850,dou5p3n,r/worldnews,73,0,73,News,-0.5,0.5,1508908590
851,dour8p3,r/worldnews,3,0,3,Arts & Entertainment,-0.30000001190000003,0.6999999881,1508934574
852,douf001,r/worldnews,2,0,2,Business & Industrial,-0.6999999881,1.5,1508919396
853,dougzlu,r/worldnews,2,0,2,Online Communities,-0.1000000015,0.1000000015,1508921639
854,douhd79,r/worldnews,2,0,2,Arts & Entertainment,0.0,0.8999999762,1508922068
855,doujqxw,r/worldnews,2,0,2,Arts & Entertainment,0.200000003,0.6999999881,1508924760
856,doucqvm,r/worldnews,472,0,472,Jobs & Education,0.200000003,0.5,1508916761
857,douks9i,r/worldnews,27,0,27,Online Communities,-0.30000001190000003,0.6999999881,1508925948
858,dougool,r/worldnews,86,0,86,News,-0.400000006,0.8999999762,1508921292
859,douho0o,r/worldnews,7,0,7,News,0.8000000119,0.8000000119,1508922406
860,doufra6,r/worldnews,35,0,35,Arts & Entertainment,-0.1000000015,2.7000000477,1508920243
861,douef32,r/worldnews,19,0,19,News,0.0,1.3999999762,1508918745
862,doubxo5,r/worldnews,1726,0,1726,News,0.0,0.400000006,1508915780
863,doucvmc,r/worldnews,59,0,59,News,-0.200000003,0.6999999881,1508916921
864,doue15w,r/worldnews,2,0,2,Arts & Entertainment,0.1000000015,2.2000000477,1508918290
865,douaorw,r/worldnews,109,0,109,Business & Industrial,0.0,0.1000000015,1508914276
866,dougqo2,r/worldnews,19,0,19,Arts & Entertainment,-0.30000001190000003,0.30000001190000003,1508921354
867,doudujj,r/worldnews,16,0,16,Arts & Entertainment,-0.1000000015,0.5,1508918075
868,doufr3g,r/worldnews,3,0,3,News,0.0,1.5,1508920237
869,dousc2c,r/worldnews,5,0,5,Arts & Entertainment,0.0,0.0,1508936405
870,douh1dw,r/worldnews,24,0,24,News,0.200000003,0.400000006,1508921695
871,dovmfjc,r/worldnews,4,0,4,Arts & Entertainment,-0.30000001190000003,0.30000001190000003,1508984148
872,doukpxx,r/worldnews,106,0,106,News,0.5,0.5,1508925873
873,dounwbc,r/worldnews,13,0,13,Internet & Telecom,-0.1000000015,0.8999999762,1508929726
874,doue4i3,r/worldnews,113,0,113,Arts & Entertainment,-0.30000001190000003,0.6000000238000001,1508918397
875,douflnv,r/worldnews,98,0,98,News,0.30000001190000003,1.0,1508920065
876,dougjn3,r/worldnews,2,0,2,Business & Industrial,0.1000000015,2.2000000477,1508921129
877,douddyi,r/worldnews,226,0,226,Arts & Entertainment,0.6000000238000001,1.8999999762000002,1508917522
878,dourv0a,r/worldnews,19,0,19,Health,0.0,0.0,1508935584
879,douop0r,r/worldnews,6,0,6,Finance,0.1000000015,0.400000006,1508930790
880,douncmk,r/worldnews,6,0,6,News,0.0,0.8999999762,1508929010
881,doukjq8,r/worldnews,19,0,19,News,-0.200000003,5.1999998093,1508925675
882,doujoiu,r/worldnews,2,0,2,Arts & Entertainment,-0.1000000015,1.7999999522999999,1508924683
883,dourxxl,r/worldnews,116,0,116,Online Communities,-0.1000000015,0.6999999881,1508935725
884,doutt46,r/worldnews,43,0,43,Law & Government,-0.5,0.5,1508939281
885,doudq1p,r/worldnews,453,0,453,Computers & Electronics,-0.200000003,0.8000000119,1508917925
886,douddeh,r/worldnews,15,0,15,Business & Industrial,-0.30000001190000003,0.8999999762,1508917504
887,doudfg6,r/worldnews,7,0,7,Arts & Entertainment,-0.5,2.7999999523,1508917571
888,doua12s,r/worldnews,80,0,80,News,0.0,0.30000001190000003,1508913486
889,douagnb,r/worldnews,688,0,688,Arts & Entertainment,-0.1000000015,1.6000000238,1508914007
890,doud0zc,r/worldnews,24,0,24,Internet & Telecom,-0.6000000238000001,1.2999999522999999,1508917098
891,doueyh4,r/worldnews,2,0,2,Shopping,-0.30000001190000003,0.6999999881,1508919350
892,dougch0,r/worldnews,2,0,2,Business & Industrial,-0.1000000015,0.30000001190000003,1508920907
893,doukvhl,r/worldnews,2,0,2,Business & Industrial,-0.1000000015,1.8999999762000002,1508926052
894,doud9u3,r/worldnews,74,0,74,Arts & Entertainment,-0.1000000015,1.6000000238,1508917387
895,dougjj5,r/worldnews,9,0,9,News,-0.30000001190000003,4.4000000954,1508921125
896,doud4jp,r/worldnews,300,0,300,News,-0.200000003,0.200000003,1508917216
897,dougbxk,r/worldnews,2,0,2,Business & Industrial,-0.1000000015,2.5,1508920891
898,dourhy1,r/worldnews,3,0,3,Business & Industrial,0.1000000015,2.4000000954000003,1508934990
899,doucv7l,r/worldnews,47,0,47,News,-0.30000001190000003,0.8000000119,1508916907
900,doucynv,r/worldnews,13,0,13,Online Communities,-0.200000003,0.5,1508917024
901,douodd3,r/worldnews,10,0,10,News,0.0,0.0,1508930356
902,douehc8,r/worldnews,61,0,61,Business & Industrial,-0.1000000015,4.0,1508918819
903,douhxly,r/worldnews,3,0,3,People & Society,0.0,0.1000000015,1508922705
904,dousf5x,r/worldnews,3,0,3,Arts & Entertainment,0.0,1.0,1508936556
905,dounqa8,r/worldnews,14,0,14,News,-0.8000000119,3.2000000477,1508929501
906,dousdkp,r/worldnews,4,0,4,News,-0.1000000015,0.400000006,1508936478
907,doukaaa,r/worldnews,46,0,46,News,0.200000003,0.8999999762,1508925370
908,doujl98,r/worldnews,2,0,2,Arts & Entertainment,0.0,0.8999999762,1508924579
909,dov1jnf,r/worldnews,3,0,3,News,0.0,2.0,1508959228
910,doumzw4,r/worldnews,25,0,25,Sensitive Subjects,-0.30000001190000003,4.4000000954,1508928565
911,douhnfp,r/worldnews,17,0,17,Shopping,0.0,0.8999999762,1508922387
912,doug0c9,r/worldnews,55,0,55,News,-0.5,1.6000000238,1508920524
913,douhaw9,r/worldnews,8,0,8,News,-0.6000000238000001,0.6000000238000001,1508922000
914,douduln,r/worldnews,158,0,158,Arts & Entertainment,-0.200000003,0.5,1508918076
915,doudpxu,r/worldnews,19,0,19,Arts & Entertainment,0.0,0.0,1508917921
916,doufilx,r/worldnews,6,0,6,Business & Industrial,-0.30000001190000003,0.30000001190000003,1508919972
917,douq7rw,r/worldnews,4,0,4,News,-0.200000003,2.5999999045999997,1508932962
918,doueuec,r/worldnews,5,0,5,Arts & Entertainment,0.30000001190000003,0.6999999881,1508919224
919,douk52x,r/worldnews,4,0,4,Law & Government,0.0,0.200000003,1508925202
920,doudkd8,r/worldnews,92,0,92,Law & Government,0.0,0.200000003,1508917733
921,doul6yz,r/worldnews,2,0,2,News,0.1000000015,0.200000003,1508926428
922,douias5,r/worldnews,13,0,13,Arts & Entertainment,-0.30000001190000003,0.6999999881,1508923126
923,douoxcp,r/worldnews,4,0,4,Finance,-0.200000003,0.8000000119,1508931106
924,douev3n,r/worldnews,11,0,11,News,-0.6999999881,1.3999999762,1508919246
925,doukyod,r/worldnews,2,0,2,Arts & Entertainment,-0.1000000015,3.5999999045999997,1508926154
926,doun41h,r/worldnews,2,0,2,Arts & Entertainment,-0.5,1.5,1508928706
927,doue6sf,r/worldnews,277,0,277,Arts & Entertainment,0.200000003,1.2000000477000001,1508918473
928,dougw1i,r/worldnews,31,0,31,Beauty & Fitness,-0.6000000238000001,1.2000000477000001,1508921525
929,douipqb,r/worldnews,4,0,4,Arts & Entertainment,0.6000000238000001,0.6000000238000001,1508923604
930,doudi8r,r/worldnews,226,0,226,News,0.1000000015,0.6999999881,1508917664
931,doulcdj,r/worldnews,7,0,7,Online Communities,0.200000003,0.8000000119,1508926603
932,doubgax,r/worldnews,5,0,5,Arts & Entertainment,-0.200000003,1.5,1508915198
933,doufvss,r/worldnews,88,0,88,Arts & Entertainment,0.200000003,1.6000000238,1508920383
934,douf8zq,r/worldnews,36,0,36,Arts & Entertainment,-0.30000001190000003,0.6999999881,1508919671
935,doujnus,r/worldnews,14,0,14,Arts & Entertainment,-0.1000000015,2.0,1508924662
936,doue7r8,r/worldnews,4,0,4,Computers & Electronics,-0.5,0.5,1508918504
937,douir42,r/worldnews,14,0,14,Business & Industrial,-0.1000000015,2.2999999523,1508923647
938,dour4yp,r/worldnews,5,0,5,News,0.0,0.400000006,1508934408
939,douflxj,r/worldnews,9,0,9,Law & Government,0.0,1.1000000238,1508920074
940,doudw2h,r/worldnews,8,0,8,Arts & Entertainment,-0.400000006,0.8000000119,1508918124
941,doun4l8,r/worldnews,4,0,4,Computers & Electronics,0.0,1.2000000477000001,1508928725
942,doun5do,r/worldnews,2,0,2,Arts & Entertainment,0.5,0.5,1508928754
943,dount0h,r/worldnews,108,0,108,News,0.6000000238000001,3.7999999523,1508929601
944,doug1xv,r/worldnews,40,0,40,Arts & Entertainment,-0.5,2.0,1508920573
945,doui6a9,r/worldnews,20,0,20,Arts & Entertainment,-0.200000003,0.8000000119,1508922984
946,douj7hq,r/worldnews,23,0,23,Arts & Entertainment,0.1000000015,0.1000000015,1508924153
947,douf288,r/worldnews,125,0,125,Law & Government,0.0,0.0,1508919465
948,doujrxh,r/worldnews,5,0,5,Arts & Entertainment,0.0,0.1000000015,1508924791
949,doufsv9,r/worldnews,2,0,2,News,-0.30000001190000003,0.6000000238000001,1508920293
950,douezxa,r/worldnews,82,0,82,Shopping,-0.8999999762,0.8999999762,1508919394
951,douf48n,r/worldnews,4,0,4,Shopping,-0.1000000015,0.1000000015,1508919524
952,douifgg,r/worldnews,4,0,4,Food & Drink,-0.200000003,0.8000000119,1508923274
953,dounorc,r/worldnews,9,0,9,Arts & Entertainment,-0.6999999881,0.6999999881,1508929444
954,doujoeo,r/worldnews,4,0,4,Sensitive Subjects,-0.200000003,0.8999999762,1508924679
955,dqw3rzz,r/worldnews,3547,0,3547,Arts & Entertainment,0.1000000015,0.200000003,1512659307
956,dqw3r14,r/worldnews,498,0,498,Arts & Entertainment,0.1000000015,0.6999999881,1512659251
957,dqw4vvt,r/worldnews,115,0,115,Arts & Entertainment,-0.1000000015,0.1000000015,1512661708
958,dqw5uui,r/worldnews,78,0,78,Law & Government,-0.1000000015,0.8999999762,1512663989
959,dqw4gcc,r/worldnews,383,0,383,People & Society,0.1000000015,2.2000000477,1512660757
960,dqw3tzm,r/worldnews,351,0,351,Arts & Entertainment,0.200000003,1.2000000477000001,1512659422
961,dqwa94j,r/worldnews,62,0,62,Arts & Entertainment,-0.400000006,0.8000000119,1512675380
962,dqw9yzx,r/worldnews,8,0,8,Arts & Entertainment,0.200000003,1.1000000238,1512674713
963,dqw639j,r/worldnews,16,0,16,Business & Industrial,-0.8999999762,0.8999999762,1512664566
964,dqw3kdp,r/worldnews,36,0,36,Business & Industrial,-0.200000003,1.2000000477000001,1512658880
965,dqw4fgv,r/worldnews,79,0,79,People & Society,-0.30000001190000003,2.4000000954000003,1512660702
966,dqw3yzx,r/worldnews,57,0,57,Arts & Entertainment,0.200000003,1.7000000477000001,1512659715
967,dqw4ip2,r/worldnews,6266,0,6266,Arts & Entertainment,0.400000006,1.2999999522999999,1512660899
968,dqw4p6h,r/worldnews,417,0,417,Arts & Entertainment,-0.1000000015,0.5,1512661297
969,dqw6ook,r/worldnews,385,0,385,Arts & Entertainment,0.1000000015,3.2000000477,1512666056
970,dqwat79,r/worldnews,7,0,7,Arts & Entertainment,0.1000000015,3.0,1512676630
971,dqw510k,r/worldnews,407,0,407,Arts & Entertainment,0.1000000015,1.0,1512662030
972,dqw5whc,r/worldnews,7,0,7,Arts & Entertainment,0.0,0.1000000015,1512664102
973,dqw5gog,r/worldnews,6,0,6,News,0.0,0.400000006,1512663048
974,dqw4pcx,r/worldnews,257,0,257,News,-0.1000000015,5.9000000954,1512661307
975,dqw3yl0,r/worldnews,26,0,26,News,-0.1000000015,0.1000000015,1512659691
976,dqw4de6,r/worldnews,15,0,15,News,-0.5,1.1000000238,1512660575
977,dqw5qyq,r/worldnews,10,0,10,Law & Government,0.0,0.1000000015,1512663729
978,dqw4a65,r/worldnews,358,0,358,Health,0.200000003,1.2000000477000001,1512660376
979,dqw5bc0,r/worldnews,118,0,118,News,0.0,1.2999999522999999,1512662698
980,dqw7af7,r/worldnews,6,0,6,People & Society,-0.1000000015,0.200000003,1512667624
981,dqw4el8,r/worldnews,547,0,547,News,-0.1000000015,4.0999999046,1512660647
982,dqw698j,r/worldnews,8,0,8,Law & Government,-0.8000000119,0.8000000119,1512664978
983,dqw46by,r/worldnews,179,0,179,Arts & Entertainment,0.30000001190000003,1.0,1512660146
984,dqw5ucc,r/worldnews,300,0,300,People & Society,0.0,1.0,1512663954
985,dqw8w7a,r/worldnews,11,0,11,Law & Government,-0.200000003,0.8999999762,1512671934
986,dqw8s9n,r/worldnews,8,0,8,Arts & Entertainment,-0.5,2.2999999523,1512671645
987,dqw7mpf,r/worldnews,11,0,11,Arts & Entertainment,-0.6000000238000001,0.6000000238000001,1512668538
988,dqw41l3,r/worldnews,26,0,26,News,-0.1000000015,0.1000000015,1512659866
989,dqw87r6,r/worldnews,16,0,16,News,0.0,0.1000000015,1512670123
990,dqw8cga,r/worldnews,7,0,7,Arts & Entertainment,0.1000000015,0.1000000015,1512670475
991,dqw5rcs,r/worldnews,11,0,11,People & Society,0.1000000015,0.6999999881,1512663754
992,dqw4k7c,r/worldnews,20,0,20,People & Society,-0.1000000015,0.1000000015,1512660992
993,dqw6kig,r/worldnews,129,0,129,Arts & Entertainment,0.1000000015,1.2999999522999999,1512665762
994,dqw7hnu,r/worldnews,55,0,55,Arts & Entertainment,0.1000000015,0.1000000015,1512668161
995,dqw646a,r/worldnews,576,0,576,Arts & Entertainment,-0.1000000015,0.8999999762,1512664631
996,dqw4un1,r/worldnews,1039,0,1039,News,0.0,1.0,1512661628
997,dqw6c7h,r/worldnews,7,0,7,News,0.0,0.1000000015,1512665187
998,dqw51fv,r/worldnews,60,0,60,Arts & Entertainment,0.0,0.5,1512662057
999,dqw5ajm,r/worldnews,268,0,268,Health,-0.200000003,2.7000000477,1512662647
1000,dqw5tyq,r/worldnews,40,0,40,Health,-0.1000000015,2.5,1512663929
1001,dqw7oph,r/worldnews,8,0,8,People & Society,-0.8000000119,0.8000000119,1512668686
1002,dqw5qvk,r/worldnews,19,0,19,People & Society,0.30000001190000003,0.6999999881,1512663723
1003,dqw6852,r/worldnews,18,0,18,Arts & Entertainment,-0.6999999881,0.6999999881,1512664902
1004,dqwcvwe,r/worldnews,6,0,6,People & Society,-0.400000006,1.0,1512680614
1005,dqw5jtv,r/worldnews,94,0,94,News,-0.1000000015,0.8000000119,1512663257
1006,dqw67p4,r/worldnews,133,0,133,News,0.0,2.9000000954000003,1512664870
1007,dqw5v9u,r/worldnews,23,0,23,Beauty & Fitness,0.0,0.0,1512664017
1008,dqw763c,r/worldnews,14,0,14,News,-0.400000006,0.8999999762,1512667302
1009,dqw8b22,r/worldnews,65,0,65,People & Society,0.0,2.0999999046,1512670368
1010,dqw5xo4,r/worldnews,38,0,38,People & Society,-0.200000003,1.7000000477000001,1512664185
1011,dqw67v8,r/worldnews,25,0,25,News,-0.1000000015,0.8999999762,1512664882
1012,dqw7tyc,r/worldnews,15,0,15,Arts & Entertainment,0.400000006,2.0999999046,1512669080
1013,dqw4drh,r/worldnews,5,0,5,Online Communities,0.0,0.400000006,1512660596
1014,dqw6jjs,r/worldnews,23,0,23,Arts & Entertainment,0.1000000015,2.4000000954000003,1512665694
1015,dqw3urp,r/worldnews,33,0,33,Reference,0.1000000015,0.6000000238000001,1512659467
1016,dqw4vck,r/worldnews,7,0,7,News,0.200000003,1.2000000477000001,1512661673
1017,dqwadyr,r/worldnews,122,0,122,News,-0.30000001190000003,0.6000000238000001,1512675693
1018,dqw69ae,r/worldnews,6,0,6,Internet & Telecom,0.0,0.200000003,1512664983
1019,dqw8dft,r/worldnews,330,0,330,Reference,-0.6000000238000001,0.6000000238000001,1512670547
1020,dqwa0v1,r/worldnews,12,0,12,Arts & Entertainment,0.200000003,0.8000000119,1512674833
1021,dqwamu6,r/worldnews,25,0,25,Arts & Entertainment,-0.1000000015,1.3999999762,1512676244
1022,dqwb14y,r/worldnews,8,0,8,Arts & Entertainment,-0.5,0.5,1512677109
1023,dqw7l6i,r/worldnews,55,0,55,Arts & Entertainment,-0.400000006,0.400000006,1512668422
1024,dqw6wr1,r/worldnews,96,0,96,Arts & Entertainment,0.0,0.8999999762,1512666632
1025,dqw6ga3,r/worldnews,153,0,153,Arts & Entertainment,-0.1000000015,2.7000000477,1512665468
1026,dqw8361,r/worldnews,12,0,12,News,-0.200000003,2.0999999046,1512669781
1027,dqw576o,r/worldnews,502,0,502,News,0.0,0.30000001190000003,1512662429
1028,dqw6ll1,r/worldnews,7,0,7,Law & Government,0.30000001190000003,0.6999999881,1512665837
1029,dqw79lu,r/worldnews,84,0,84,Arts & Entertainment,-0.200000003,4.4000000954,1512667563
1030,dqw6cx3,r/worldnews,34,0,34,Arts & Entertainment,-0.200000003,0.8000000119,1512665237
1031,dqw7g8e,r/worldnews,5,0,5,Arts & Entertainment,-0.5,0.5,1512668053
1032,dqw556s,r/worldnews,12,0,12,Pets & Animals,-0.1000000015,0.200000003,1512662299
1033,dqw8zug,r/worldnews,7,0,7,People & Society,0.0,0.0,1512672198
1034,dqw6ape,r/worldnews,114,0,114,Arts & Entertainment,-0.1000000015,0.5,1512665080
1035,dqw6boc,r/worldnews,6,0,6,News,0.1000000015,0.6000000238000001,1512665148
1036,dqw79jn,r/worldnews,15,0,15,News,-0.400000006,3.0999999046,1512667559
1037,dqw67dk,r/worldnews,34,0,34,Law & Government,-0.1000000015,0.8000000119,1512664848
1038,dqw8a2l,r/worldnews,8,0,8,Health,0.0,1.2999999522999999,1512670295
1039,dqw72q6,r/worldnews,10,0,10,Arts & Entertainment,0.200000003,0.200000003,1512667062
1040,dqw886n,r/worldnews,9,0,9,Arts & Entertainment,-0.400000006,0.8000000119,1512670153
1041,dqw9x3b,r/worldnews,12,0,12,Arts & Entertainment,0.5,1.5,1512674583
1042,dqw4z3o,r/worldnews,30,0,30,News,-0.1000000015,1.5,1512661913
1043,dqw55ed,r/worldnews,14,0,14,People & Society,0.6000000238000001,0.6000000238000001,1512662312
1044,dqwhxsr,r/worldnews,8,0,8,Arts & Entertainment,0.1000000015,1.3999999762,1512687466
1045,dqwcl24,r/worldnews,11,0,11,Arts & Entertainment,-0.6999999881,1.3999999762,1512680084
1046,dqw4cey,r/worldnews,18,0,18,Law & Government,-0.5,1.1000000238,1512660513
1047,dqw8uz3,r/worldnews,8,0,8,People & Society,0.1000000015,0.6999999881,1512671844
1048,dqwbbhk,r/worldnews,16,0,16,Shopping,-0.6000000238000001,1.2999999522999999,1512677703
1049,dqw6f7c,r/worldnews,21,0,21,Beauty & Fitness,-0.1000000015,0.30000001190000003,1512665392
1050,dqw8ave,r/worldnews,8,0,8,People & Society,0.30000001190000003,0.8999999762,1512670354
1051,dqx9beu,r/worldnews,6,0,6,Arts & Entertainment,0.5,1.1000000238,1512715702
1052,dqw7xtr,r/worldnews,6,0,6,Health,0.0,0.0,1512669376
1053,dqw8wtk,r/worldnews,6,0,6,People & Society,-0.30000001190000003,0.6999999881,1512671981
1054,dqw6kdi,r/worldnews,12,0,12,News,0.0,0.1000000015,1512665753
1055,dqwf238,r/worldnews,10,0,10,People & Society,0.30000001190000003,1.0,1512683910
1056,dqw6v3o,r/worldnews,87,0,87,People & Society,-0.1000000015,0.200000003,1512666514
1057,dqw5vpt,r/worldnews,92,0,92,People & Society,0.0,0.1000000015,1512664049
1058,dqw475h,r/worldnews,17,0,17,News,-0.200000003,0.5,1512660194
1059,dqwf9u8,r/worldnews,19,0,19,Arts & Entertainment,-0.5,0.5,1512684200
1060,dqwaw4f,r/worldnews,13,0,13,Arts & Entertainment,0.0,1.7000000477000001,1512676806
1061,dqw5sg3,r/worldnews,84,0,84,News,-0.30000001190000003,0.30000001190000003,1512663826
1062,dqw72nf,r/worldnews,10,0,10,Arts & Entertainment,-0.30000001190000003,0.30000001190000003,1512667057
1063,dqwgcsd,r/worldnews,12,0,12,News,-0.1000000015,0.30000001190000003,1512685599
1064,dqw9kkz,r/worldnews,28,0,28,Arts & Entertainment,0.200000003,0.200000003,1512673709
1065,dqwdpyg,r/worldnews,7,0,7,People & Society,-0.30000001190000003,1.8999999762000002,1512681961
1066,dqw9xl4,r/worldnews,12,0,12,News,0.400000006,1.2999999522999999,1512674616
1067,dqw7tvy,r/worldnews,14,0,14,Games,-0.6000000238000001,1.2000000477000001,1512669074
1068,dqw6fqk,r/worldnews,9,0,9,People & Society,0.5,0.5,1512665429
1069,dqwda9e,r/worldnews,7,0,7,People & Society,0.1000000015,0.30000001190000003,1512681276
1070,dqw5ngk,r/worldnews,60,0,60,News,-0.1000000015,0.30000001190000003,1512663497
1071,dqwb1vw,r/worldnews,13,0,13,Sensitive Subjects,-0.1000000015,0.5,1512677154
1072,dqwfuge,r/worldnews,10,0,10,People & Society,-0.5,1.1000000238,1512684960
1073,dqw6ann,r/worldnews,38,0,38,Arts & Entertainment,0.30000001190000003,0.30000001190000003,1512665076
1074,dqw68hm,r/worldnews,32,0,32,News,-0.1000000015,0.30000001190000003,1512664926
1075,dqw9re9,r/worldnews,9,0,9,News,-0.200000003,0.8999999762,1512674194
1076,dqwbi1e,r/worldnews,8,0,8,Finance,-0.30000001190000003,1.0,1512678069
1077,dow0jgv,r/worldnews,7593,0,7593,Autos & Vehicles,0.30000001190000003,2.0,1508998721
1078,dovq6tv,r/worldnews,4291,0,4291,Business & Industrial,0.5,1.5,1508987943
1079,dow08xx,r/worldnews,362,0,362,News,-0.6000000238000001,0.6000000238000001,1508998379
1080,dow0wej,r/worldnews,272,0,272,News,0.0,0.0,1508999141
1081,dow243j,r/worldnews,25,0,25,News,0.0,1.2999999522999999,1509000577
1082,dow0sve,r/worldnews,60,0,60,News,-0.6000000238000001,0.6000000238000001,1508999028
1083,dow0kj0,r/worldnews,22,0,22,Autos & Vehicles,0.200000003,0.400000006,1508998755
1084,dow0c7b,r/worldnews,18,0,18,Health,0.0,0.0,1508998485
1085,dow1bsj,r/worldnews,28,0,28,Law & Government,-0.200000003,1.2000000477000001,1508999639
1086,dow0ige,r/worldnews,44,0,44,People & Society,-0.1000000015,0.30000001190000003,1508998688
1087,dow0lfg,r/worldnews,5,0,5,Autos & Vehicles,0.1000000015,0.200000003,1508998785
1088,dow2hfc,r/worldnews,6,0,6,Arts & Entertainment,0.0,0.0,1509001016
1089,dow0b6p,r/worldnews,259,0,259,Adult,-0.30000001190000003,1.3999999762,1508998451
1090,dow4i8f,r/worldnews,8,0,8,News,-0.30000001190000003,1.5,1509003499
1091,dovwhn0,r/worldnews,168,0,168,Autos & Vehicles,0.0,0.1000000015,1508994264
1092,dovztpv,r/worldnews,28,0,28,Business & Industrial,0.0,2.0,1508997897
1093,dow0rqq,r/worldnews,13,0,13,Sensitive Subjects,-0.1000000015,0.1000000015,1508998989
1094,dovzaco,r/worldnews,292,0,292,News,0.0,0.0,1508997299
1095,dow3sle,r/worldnews,7,0,7,Autos & Vehicles,0.0,0.30000001190000003,1509002624
1096,dow3ag3,r/worldnews,191,0,191,Business & Industrial,0.200000003,0.6999999881,1509001996
1097,dow1an8,r/worldnews,152,0,152,Arts & Entertainment,-0.400000006,0.8000000119,1508999602
1098,dow33zg,r/worldnews,25,0,25,Arts & Entertainment,-0.1000000015,0.5,1509001780
1099,dow5ytg,r/worldnews,8,0,8,Arts & Entertainment,-0.1000000015,0.400000006,1509005270
1100,dow4rxz,r/worldnews,22,0,22,Business & Industrial,0.1000000015,1.2999999522999999,1509003826
1101,dow3rjo,r/worldnews,7,0,7,Business & Industrial,-0.1000000015,0.6000000238000001,1509002590
1102,dow3xm5,r/worldnews,5,0,5,Computers & Electronics,-0.1000000015,0.5,1509002796
1103,dow0rfi,r/worldnews,710,0,710,Arts & Entertainment,0.0,0.1000000015,1508998979
1104,dow39kl,r/worldnews,2387,0,2387,Business & Industrial,0.0,1.2999999522999999,1509001967
1105,dow4rdc,r/worldnews,813,0,813,Business & Industrial,-0.400000006,3.0,1509003805
1106,dowakxq,r/worldnews,11,0,11,Arts & Entertainment,-0.5,1.6000000238,1509010671
1107,dow0rxl,r/worldnews,429,0,429,Arts & Entertainment,0.1000000015,0.30000001190000003,1508998997
1108,dovwkc3,r/worldnews,541,0,541,Business & Industrial,0.1000000015,0.5,1508994344
1109,dovy8ka,r/worldnews,38,0,38,Health,0.400000006,0.8000000119,1508996142
1110,dow5cza,r/worldnews,13,0,13,Shopping,0.0,2.7000000477,1509004545
1111,dow3tij,r/worldnews,8,0,8,Arts & Entertainment,0.1000000015,0.6000000238000001,1509002655
1112,dowgs7d,r/worldnews,15,0,15,Arts & Entertainment,0.30000001190000003,1.3999999762,1509018229
1113,dowcrmh,r/worldnews,12,0,12,Business & Industrial,-0.400000006,1.7000000477000001,1509013223
1114,dovzwft,r/worldnews,79,0,79,News,0.0,2.2000000477,1508997982
1115,dovtnrc,r/worldnews,290,0,290,Law & Government,-0.200000003,0.8000000119,1508991391
1116,dovy00u,r/worldnews,51,0,51,Arts & Entertainment,0.0,0.0,1508995882
1117,dow99pk,r/worldnews,65,0,65,Business & Industrial,0.0,0.8000000119,1509009137
1118,dow26ke,r/worldnews,30,0,30,Arts & Entertainment,0.400000006,2.0999999046,1509000659
1119,dow31de,r/worldnews,16,0,16,Arts & Entertainment,-0.200000003,0.400000006,1509001693
1120,dow8v32,r/worldnews,367,0,367,Business & Industrial,-0.400000006,0.8000000119,1509008652
1121,dow9gwq,r/worldnews,10,0,10,Arts & Entertainment,0.0,1.7999999522999999,1509009374
1122,dow55bj,r/worldnews,93,0,93,News,-0.200000003,0.5,1509004284
1123,dow8b4c,r/worldnews,8,0,8,Books & Literature,0.5,0.5,1509008015
1124,dowbu6d,r/worldnews,26,0,26,News,0.0,0.8999999762,1509012157
1125,dow0wnr,r/worldnews,379,0,379,Arts & Entertainment,-0.30000001190000003,1.3999999762,1508999149
1126,dow82pi,r/worldnews,26,0,26,Law & Government,-0.30000001190000003,1.0,1509007740
1127,dowcg58,r/worldnews,12,0,12,Business & Industrial,0.0,1.0,1509012865
1128,dow2hnm,r/worldnews,6,0,6,Arts & Entertainment,0.200000003,0.400000006,1509001023
1129,dow19sf,r/worldnews,22,0,22,Law & Government,0.30000001190000003,1.3999999762,1508999575
1130,dovvglm,r/worldnews,94,0,94,Autos & Vehicles,0.0,0.6999999881,1508993215
1131,dowaeah,r/worldnews,25,0,25,Science,-0.30000001190000003,1.7000000477000001,1509010449
1132,dowakq1,r/worldnews,21,0,21,Business & Industrial,0.0,0.8000000119,1509010664
1133,dow3rsn,r/worldnews,24,0,24,News,0.0,0.1000000015,1509002598
1134,dowbz86,r/worldnews,12,0,12,People & Society,-0.30000001190000003,1.0,1509012320
1135,dow2zct,r/worldnews,194,0,194,Business & Industrial,0.200000003,0.6000000238000001,1509001623
1136,dow6voe,r/worldnews,17,0,17,News,-0.1000000015,0.1000000015,1509006341
1137,dovx686,r/worldnews,180,0,180,Business & Industrial,0.200000003,0.5,1508994997
1138,dow0ibf,r/worldnews,46,0,46,Arts & Entertainment,0.6999999881,1.3999999762,1508998684
1139,dow20us,r/worldnews,8,0,8,Health,-0.1000000015,0.30000001190000003,1509000470
1140,dovwoxx,r/worldnews,82,0,82,News,0.0,0.0,1508994480
1141,dowfiaw,r/worldnews,8,0,8,Arts & Entertainment,0.0,0.0,1509016602
1142,dowblhp,r/worldnews,10,0,10,Business & Industrial,-0.400000006,0.400000006,1509011868
1143,dow5g44,r/worldnews,18,0,18,Business & Industrial,0.0,1.7999999522999999,1509004651
1144,dow7w1d,r/worldnews,5,0,5,Business & Industrial,-0.400000006,0.8000000119,1509007519
1145,dovz8ih,r/worldnews,14,0,14,Computers & Electronics,0.6999999881,0.6999999881,1508997243
1146,dow4i7u,r/worldnews,17,0,17,Arts & Entertainment,0.0,0.200000003,1509003499
1147,dow00wp,r/worldnews,26,0,26,Business & Industrial,0.0,1.7999999522999999,1508998125
1148,dovznka,r/worldnews,15,0,15,Business & Industrial,0.5,1.0,1508997703
1149,dovzstw,r/worldnews,117,0,117,Internet & Telecom,-0.200000003,0.6000000238000001,1508997868
1150,dovzdxf,r/worldnews,150,0,150,News,-0.30000001190000003,1.1000000238,1508997408
1151,dow4fu4,r/worldnews,15,0,15,Arts & Entertainment,0.0,0.1000000015,1509003419
1152,dow4sj0,r/worldnews,279,0,279,News,0.0,1.2999999522999999,1509003846
1153,dovzkkh,r/worldnews,141,0,141,Arts & Entertainment,-0.1000000015,1.2000000477000001,1508997611
1154,dow2jjj,r/worldnews,6,0,6,Business & Industrial,-0.400000006,0.8999999762,1509001084
1155,dovzjpo,r/worldnews,267,0,267,Health,-0.200000003,0.6999999881,1508997584
1156,dowdkqu,r/worldnews,6,0,6,Arts & Entertainment,0.0,0.400000006,1509014179
1157,dow6ixk,r/worldnews,6,0,6,Arts & Entertainment,0.1000000015,0.200000003,1509005917
1158,dovx625,r/worldnews,132,0,132,People & Society,-0.1000000015,3.5,1508994991
1159,dow3rx6,r/worldnews,8,0,8,People & Society,-0.30000001190000003,0.6000000238000001,1509002602
1160,dow9vzi,r/worldnews,11,0,11,News,-0.30000001190000003,2.2000000477,1509009853
1161,dovxnx8,r/worldnews,75,0,75,Law & Government,-0.6000000238000001,2.0,1508995521
1162,dovyet0,r/worldnews,69,0,69,Law & Government,0.1000000015,2.7999999523,1508996333
1163,dh9awdg,r/worldnews,1210,0,1210,News,0.0,1.3999999762,1494220922
1164,dh94fs4,r/worldnews,6670,0,6670,Sensitive Subjects,0.0,1.2000000477000001,1494212822
1165,dh96c6b,r/worldnews,2037,0,2037,News,0.0,0.0,1494215204
1166,dh91h39,r/worldnews,11280,0,11280,News,-0.1000000015,0.200000003,1494209119
1167,dh9239o,r/worldnews,6087,0,6087,News,0.5,1.5,1494209892
1168,dh92yvi,r/worldnews,4346,0,4346,Sensitive Subjects,-0.30000001190000003,1.0,1494210990
1169,dh9270d,r/worldnews,1499,0,1499,Arts & Entertainment,-0.200000003,0.6000000238000001,1494210021
1170,dh96zxm,r/worldnews,208,0,208,Arts & Entertainment,-0.200000003,0.400000006,1494216026
1171,dh9uly8,r/worldnews,28,0,28,News,-0.1000000015,0.8999999762,1494249683
1172,dh92id9,r/worldnews,1094,0,1094,News,-0.400000006,0.8999999762,1494210416
1173,dh92ka7,r/worldnews,2520,0,2520,News,-0.6000000238000001,0.6000000238000001,1494210482
1174,dh921i8,r/worldnews,2985,0,2985,News,0.0,0.8999999762,1494209830
1175,dh94xlv,r/worldnews,3342,0,3342,News,0.0,0.1000000015,1494213452
1176,dh9irq0,r/worldnews,10,0,10,News,-0.30000001190000003,2.0999999046,1494231484
1177,dh96u61,r/worldnews,4263,0,4263,News,0.30000001190000003,1.5,1494215826
1178,dh99kbu,r/worldnews,297,0,297,People & Society,0.0,0.1000000015,1494219234
1179,dh968qq,r/worldnews,261,0,261,People & Society,-0.8000000119,0.8000000119,1494215084
1180,dh97r7m,r/worldnews,110,0,110,Arts & Entertainment,-0.200000003,0.5,1494216983
1181,dh94mlq,r/worldnews,119,0,119,Home & Garden,-0.8000000119,0.8000000119,1494213065
1182,dh9fdxq,r/worldnews,23,0,23,News,-0.200000003,1.0,1494226788
1183,dh91syd,r/worldnews,7047,0,7047,News,0.0,0.400000006,1494209537
1184,dh922ia,r/worldnews,1015,0,1015,News,-0.30000001190000003,1.2999999522999999,1494209866
1185,dh924jh,r/worldnews,324,0,324,News,0.0,1.1000000238,1494209936
1186,dh9266v,r/worldnews,598,0,598,Arts & Entertainment,-0.400000006,1.2000000477000001,1494209993
1187,dh955jy,r/worldnews,286,0,286,People & Society,0.0,0.0,1494213732
1188,dh95i0g,r/worldnews,201,0,201,Sensitive Subjects,0.400000006,0.400000006,1494214158
1189,dh95rz3,r/worldnews,159,0,159,News,0.0,0.1000000015,1494214503
1190,dh94ggv,r/worldnews,383,0,383,People & Society,0.0,1.1000000238,1494212846
1191,dh95f1j,r/worldnews,28,0,28,Sensitive Subjects,-0.1000000015,1.3999999762,1494214057
1192,dh94tag,r/worldnews,539,0,539,People & Society,-0.1000000015,1.6000000238,1494213301
1193,dh94mma,r/worldnews,154,0,154,Arts & Entertainment,0.0,1.1000000238,1494213066
1194,dh94e8i,r/worldnews,21,0,21,Arts & Entertainment,0.0,0.1000000015,1494212769
1195,dh93w91,r/worldnews,53,0,53,Arts & Entertainment,-0.6000000238000001,2.0,1494212149
1196,dh9floa,r/worldnews,25,0,25,Arts & Entertainment,-0.30000001190000003,0.8999999762,1494227087
1197,dh92lw4,r/worldnews,151,0,151,News,-0.30000001190000003,0.6000000238000001,1494210535
1198,dh94bi5,r/worldnews,50,0,50,Computers & Electronics,0.1000000015,1.2999999522999999,1494212677
1199,dh92j4l,r/worldnews,1912,0,1912,Arts & Entertainment,-0.1000000015,0.200000003,1494210443
